region,category,parent,n_descendants,inclusive_query,exclusive_query,inclusive_count,exclusive_count,inclusive_url,exclusive_url,query_date,log10_inclusive_count_p1,norm_inclusive_count,log10_exclusive_count_p1,norm_exclusive_count
prefrontal cortex,frontal cortex,frontal cortex,4,"((""prefrontal cortex""[tiab] OR (""PFC""[tiab] AND (prefrontal[tiab])))) AND (""2015""[PDAT] : ""2025""[PDAT])","(((""prefrontal cortex""[tiab] OR (""PFC""[tiab] AND (prefrontal[tiab])))) NOT ((""orbitofrontal cortex""[tiab] OR ""orbital frontal cortex""[tiab]) OR (""ventromedial prefrontal cortex""[tiab] OR (""vmPFC""[tiab] AND (prefrontal[tiab])) OR (""VMPFC""[tiab] AND (prefrontal[tiab]))) OR (""dorsolateral prefrontal cortex""[tiab] OR (""dlPFC""[tiab] AND (prefrontal[tiab])) OR (""DLPFC""[tiab] AND (prefrontal[tiab]))) OR (""medial prefrontal cortex""[tiab] OR (""mPFC""[tiab] AND (prefrontal[tiab]))))) AND (""2015""[PDAT] : ""2025""[PDAT])",37338,18339,https://eutils.ncbi.nlm.nih.gov/entrez/eutils/esearch.fcgi?db=pubmed&term=%28%28%22prefrontal+cortex%22%5Btiab%5D+OR+%28%22PFC%22%5Btiab%5D+AND+%28prefrontal%5Btiab%5D%29%29%29%29+AND+%28%222015%22%5BPDAT%5D+%3A+%222025%22%5BPDAT%5D%29&retmode=json&rettype=count&tool=brain_region_prevalence&email=koerding%40gmail.com,https://eutils.ncbi.nlm.nih.gov/entrez/eutils/esearch.fcgi?db=pubmed&term=%28%28%28%22prefrontal+cortex%22%5Btiab%5D+OR+%28%22PFC%22%5Btiab%5D+AND+%28prefrontal%5Btiab%5D%29%29%29%29+NOT+%28%28%22orbitofrontal+cortex%22%5Btiab%5D+OR+%22orbital+frontal+cortex%22%5Btiab%5D%29+OR+%28%22ventromedial+prefrontal+cortex%22%5Btiab%5D+OR+%28%22vmPFC%22%5Btiab%5D+AND+%28prefrontal%5Btiab%5D%29%29+OR+%28%22VMPFC%22%5Btiab%5D+AND+%28prefrontal%5Btiab%5D%29%29%29+OR+%28%22dorsolateral+prefrontal+cortex%22%5Btiab%5D+OR+%28%22dlPFC%22%5Btiab%5D+AND+%28prefrontal%5Btiab%5D%29%29+OR+%28%22DLPFC%22%5Btiab%5D+AND+%28prefrontal%5Btiab%5D%29%29%29+OR+%28%22medial+prefrontal+cortex%22%5Btiab%5D+OR+%28%22mPFC%22%5Btiab%5D+AND+%28prefrontal%5Btiab%5D%29%29%29%29%29+AND+%28%222015%22%5BPDAT%5D+%3A+%222025%22%5BPDAT%5D%29&retmode=json&rettype=count&tool=brain_region_prevalence&email=koerding%40gmail.com,2026-04-28,4.5722,0.9206,4.2634,0.8426
medial prefrontal cortex,frontal cortex,prefrontal cortex,0,"((""medial prefrontal cortex""[tiab] OR (""mPFC""[tiab] AND (prefrontal[tiab])))) AND (""2015""[PDAT] : ""2025""[PDAT])","((""medial prefrontal cortex""[tiab] OR (""mPFC""[tiab] AND (prefrontal[tiab])))) AND (""2015""[PDAT] : ""2025""[PDAT])",8704,8704,https://eutils.ncbi.nlm.nih.gov/entrez/eutils/esearch.fcgi?db=pubmed&term=%28%28%22medial+prefrontal+cortex%22%5Btiab%5D+OR+%28%22mPFC%22%5Btiab%5D+AND+%28prefrontal%5Btiab%5D%29%29%29%29+AND+%28%222015%22%5BPDAT%5D+%3A+%222025%22%5BPDAT%5D%29&retmode=json&rettype=count&tool=brain_region_prevalence&email=koerding%40gmail.com,https://eutils.ncbi.nlm.nih.gov/entrez/eutils/esearch.fcgi?db=pubmed&term=%28%28%22medial+prefrontal+cortex%22%5Btiab%5D+OR+%28%22mPFC%22%5Btiab%5D+AND+%28prefrontal%5Btiab%5D%29%29%29%29+AND+%28%222015%22%5BPDAT%5D+%3A+%222025%22%5BPDAT%5D%29&retmode=json&rettype=count&tool=brain_region_prevalence&email=koerding%40gmail.com,2026-04-28,3.9398,0.7218,3.9398,0.7385
dorsolateral prefrontal cortex,frontal cortex,prefrontal cortex,0,"((""dorsolateral prefrontal cortex""[tiab] OR (""dlPFC""[tiab] AND (prefrontal[tiab])) OR (""DLPFC""[tiab] AND (prefrontal[tiab])))) AND (""2015""[PDAT] : ""2025""[PDAT])","((""dorsolateral prefrontal cortex""[tiab] OR (""dlPFC""[tiab] AND (prefrontal[tiab])) OR (""DLPFC""[tiab] AND (prefrontal[tiab])))) AND (""2015""[PDAT] : ""2025""[PDAT])",8667,8667,https://eutils.ncbi.nlm.nih.gov/entrez/eutils/esearch.fcgi?db=pubmed&term=%28%28%22dorsolateral+prefrontal+cortex%22%5Btiab%5D+OR+%28%22dlPFC%22%5Btiab%5D+AND+%28prefrontal%5Btiab%5D%29%29+OR+%28%22DLPFC%22%5Btiab%5D+AND+%28prefrontal%5Btiab%5D%29%29%29%29+AND+%28%222015%22%5BPDAT%5D+%3A+%222025%22%5BPDAT%5D%29&retmode=json&rettype=count&tool=brain_region_prevalence&email=koerding%40gmail.com,https://eutils.ncbi.nlm.nih.gov/entrez/eutils/esearch.fcgi?db=pubmed&term=%28%28%22dorsolateral+prefrontal+cortex%22%5Btiab%5D+OR+%28%22dlPFC%22%5Btiab%5D+AND+%28prefrontal%5Btiab%5D%29%29+OR+%28%22DLPFC%22%5Btiab%5D+AND+%28prefrontal%5Btiab%5D%29%29%29%29+AND+%28%222015%22%5BPDAT%5D+%3A+%222025%22%5BPDAT%5D%29&retmode=json&rettype=count&tool=brain_region_prevalence&email=koerding%40gmail.com,2026-04-28,3.9379,0.7212,3.9379,0.7379
ventromedial prefrontal cortex,frontal cortex,prefrontal cortex,0,"((""ventromedial prefrontal cortex""[tiab] OR (""vmPFC""[tiab] AND (prefrontal[tiab])) OR (""VMPFC""[tiab] AND (prefrontal[tiab])))) AND (""2015""[PDAT] : ""2025""[PDAT])","((""ventromedial prefrontal cortex""[tiab] OR (""vmPFC""[tiab] AND (prefrontal[tiab])) OR (""VMPFC""[tiab] AND (prefrontal[tiab])))) AND (""2015""[PDAT] : ""2025""[PDAT])",2324,2324,https://eutils.ncbi.nlm.nih.gov/entrez/eutils/esearch.fcgi?db=pubmed&term=%28%28%22ventromedial+prefrontal+cortex%22%5Btiab%5D+OR+%28%22vmPFC%22%5Btiab%5D+AND+%28prefrontal%5Btiab%5D%29%29+OR+%28%22VMPFC%22%5Btiab%5D+AND+%28prefrontal%5Btiab%5D%29%29%29%29+AND+%28%222015%22%5BPDAT%5D+%3A+%222025%22%5BPDAT%5D%29&retmode=json&rettype=count&tool=brain_region_prevalence&email=koerding%40gmail.com,https://eutils.ncbi.nlm.nih.gov/entrez/eutils/esearch.fcgi?db=pubmed&term=%28%28%22ventromedial+prefrontal+cortex%22%5Btiab%5D+OR+%28%22vmPFC%22%5Btiab%5D+AND+%28prefrontal%5Btiab%5D%29%29+OR+%28%22VMPFC%22%5Btiab%5D+AND+%28prefrontal%5Btiab%5D%29%29%29%29+AND+%28%222015%22%5BPDAT%5D+%3A+%222025%22%5BPDAT%5D%29&retmode=json&rettype=count&tool=brain_region_prevalence&email=koerding%40gmail.com,2026-04-28,3.3664,0.5416,3.3664,0.5541
orbitofrontal cortex,frontal cortex,prefrontal cortex,0,"((""orbitofrontal cortex""[tiab] OR ""orbital frontal cortex""[tiab])) AND (""2015""[PDAT] : ""2025""[PDAT])","((""orbitofrontal cortex""[tiab] OR ""orbital frontal cortex""[tiab])) AND (""2015""[PDAT] : ""2025""[PDAT])",5065,5065,https://eutils.ncbi.nlm.nih.gov/entrez/eutils/esearch.fcgi?db=pubmed&term=%28%28%22orbitofrontal+cortex%22%5Btiab%5D+OR+%22orbital+frontal+cortex%22%5Btiab%5D%29%29+AND+%28%222015%22%5BPDAT%5D+%3A+%222025%22%5BPDAT%5D%29&retmode=json&rettype=count&tool=brain_region_prevalence&email=koerding%40gmail.com,https://eutils.ncbi.nlm.nih.gov/entrez/eutils/esearch.fcgi?db=pubmed&term=%28%28%22orbitofrontal+cortex%22%5Btiab%5D+OR+%22orbital+frontal+cortex%22%5Btiab%5D%29%29+AND+%28%222015%22%5BPDAT%5D+%3A+%222025%22%5BPDAT%5D%29&retmode=json&rettype=count&tool=brain_region_prevalence&email=koerding%40gmail.com,2026-04-28,3.7047,0.6479,3.7047,0.6629
frontal cortex,frontal cortex,,8,"((""frontal cortex""[tiab])) AND (""2015""[PDAT] : ""2025""[PDAT])","(((""frontal cortex""[tiab])) NOT ((""motor cortex""[tiab] OR ""primary motor cortex""[tiab]) OR (""supplementary motor area""[tiab]) OR (""premotor cortex""[tiab]) OR (""prefrontal cortex""[tiab] OR (""PFC""[tiab] AND (prefrontal[tiab]))) OR (""orbitofrontal cortex""[tiab] OR ""orbital frontal cortex""[tiab]) OR (""ventromedial prefrontal cortex""[tiab] OR (""vmPFC""[tiab] AND (prefrontal[tiab])) OR (""VMPFC""[tiab] AND (prefrontal[tiab]))) OR (""dorsolateral prefrontal cortex""[tiab] OR (""dlPFC""[tiab] AND (prefrontal[tiab])) OR (""DLPFC""[tiab] AND (prefrontal[tiab]))) OR (""medial prefrontal cortex""[tiab] OR (""mPFC""[tiab] AND (prefrontal[tiab]))))) AND (""2015""[PDAT] : ""2025""[PDAT])",8306,6294,https://eutils.ncbi.nlm.nih.gov/entrez/eutils/esearch.fcgi?db=pubmed&term=%28%28%22frontal+cortex%22%5Btiab%5D%29%29+AND+%28%222015%22%5BPDAT%5D+%3A+%222025%22%5BPDAT%5D%29&retmode=json&rettype=count&tool=brain_region_prevalence&email=koerding%40gmail.com,https://eutils.ncbi.nlm.nih.gov/entrez/eutils/esearch.fcgi?db=pubmed&term=%28%28%28%22frontal+cortex%22%5Btiab%5D%29%29+NOT+%28%28%22motor+cortex%22%5Btiab%5D+OR+%22primary+motor+cortex%22%5Btiab%5D%29+OR+%28%22supplementary+motor+area%22%5Btiab%5D%29+OR+%28%22premotor+cortex%22%5Btiab%5D%29+OR+%28%22prefrontal+cortex%22%5Btiab%5D+OR+%28%22PFC%22%5Btiab%5D+AND+%28prefrontal%5Btiab%5D%29%29%29+OR+%28%22orbitofrontal+cortex%22%5Btiab%5D+OR+%22orbital+frontal+cortex%22%5Btiab%5D%29+OR+%28%22ventromedial+prefrontal+cortex%22%5Btiab%5D+OR+%28%22vmPFC%22%5Btiab%5D+AND+%28prefrontal%5Btiab%5D%29%29+OR+%28%22VMPFC%22%5Btiab%5D+AND+%28prefrontal%5Btiab%5D%29%29%29+OR+%28%22dorsolateral+prefrontal+cortex%22%5Btiab%5D+OR+%28%22dlPFC%22%5Btiab%5D+AND+%28prefrontal%5Btiab%5D%29%29+OR+%28%22DLPFC%22%5Btiab%5D+AND+%28prefrontal%5Btiab%5D%29%29%29+OR+%28%22medial+prefrontal+cortex%22%5Btiab%5D+OR+%28%22mPFC%22%5Btiab%5D+AND+%28prefrontal%5Btiab%5D%29%29%29%29%29+AND+%28%222015%22%5BPDAT%5D+%3A+%222025%22%5BPDAT%5D%29&retmode=json&rettype=count&tool=brain_region_prevalence&email=koerding%40gmail.com,2026-04-28,3.9194,0.7154,3.799,0.6932
motor cortex,frontal cortex,frontal cortex,2,"((""motor cortex""[tiab] OR ""primary motor cortex""[tiab])) AND (""2015""[PDAT] : ""2025""[PDAT])","(((""motor cortex""[tiab] OR ""primary motor cortex""[tiab])) NOT ((""supplementary motor area""[tiab]) OR (""premotor cortex""[tiab]))) AND (""2015""[PDAT] : ""2025""[PDAT])",12005,10939,https://eutils.ncbi.nlm.nih.gov/entrez/eutils/esearch.fcgi?db=pubmed&term=%28%28%22motor+cortex%22%5Btiab%5D+OR+%22primary+motor+cortex%22%5Btiab%5D%29%29+AND+%28%222015%22%5BPDAT%5D+%3A+%222025%22%5BPDAT%5D%29&retmode=json&rettype=count&tool=brain_region_prevalence&email=koerding%40gmail.com,https://eutils.ncbi.nlm.nih.gov/entrez/eutils/esearch.fcgi?db=pubmed&term=%28%28%28%22motor+cortex%22%5Btiab%5D+OR+%22primary+motor+cortex%22%5Btiab%5D%29%29+NOT+%28%28%22supplementary+motor+area%22%5Btiab%5D%29+OR+%28%22premotor+cortex%22%5Btiab%5D%29%29%29+AND+%28%222015%22%5BPDAT%5D+%3A+%222025%22%5BPDAT%5D%29&retmode=json&rettype=count&tool=brain_region_prevalence&email=koerding%40gmail.com,2026-04-28,4.0794,0.7657,4.039,0.7704
premotor cortex,frontal cortex,motor cortex,0,"((""premotor cortex""[tiab])) AND (""2015""[PDAT] : ""2025""[PDAT])","((""premotor cortex""[tiab])) AND (""2015""[PDAT] : ""2025""[PDAT])",1829,1829,https://eutils.ncbi.nlm.nih.gov/entrez/eutils/esearch.fcgi?db=pubmed&term=%28%28%22premotor+cortex%22%5Btiab%5D%29%29+AND+%28%222015%22%5BPDAT%5D+%3A+%222025%22%5BPDAT%5D%29&retmode=json&rettype=count&tool=brain_region_prevalence&email=koerding%40gmail.com,https://eutils.ncbi.nlm.nih.gov/entrez/eutils/esearch.fcgi?db=pubmed&term=%28%28%22premotor+cortex%22%5Btiab%5D%29%29+AND+%28%222015%22%5BPDAT%5D+%3A+%222025%22%5BPDAT%5D%29&retmode=json&rettype=count&tool=brain_region_prevalence&email=koerding%40gmail.com,2026-04-28,3.2625,0.5089,3.2625,0.5207
supplementary motor area,frontal cortex,motor cortex,0,"((""supplementary motor area""[tiab])) AND (""2015""[PDAT] : ""2025""[PDAT])","((""supplementary motor area""[tiab])) AND (""2015""[PDAT] : ""2025""[PDAT])",3232,3232,https://eutils.ncbi.nlm.nih.gov/entrez/eutils/esearch.fcgi?db=pubmed&term=%28%28%22supplementary+motor+area%22%5Btiab%5D%29%29+AND+%28%222015%22%5BPDAT%5D+%3A+%222025%22%5BPDAT%5D%29&retmode=json&rettype=count&tool=brain_region_prevalence&email=koerding%40gmail.com,https://eutils.ncbi.nlm.nih.gov/entrez/eutils/esearch.fcgi?db=pubmed&term=%28%28%22supplementary+motor+area%22%5Btiab%5D%29%29+AND+%28%222015%22%5BPDAT%5D+%3A+%222025%22%5BPDAT%5D%29&retmode=json&rettype=count&tool=brain_region_prevalence&email=koerding%40gmail.com,2026-04-28,3.5096,0.5866,3.5096,0.6002
somatosensory cortex,sensory cortex,,0,"((""somatosensory cortex""[tiab] OR ""primary somatosensory cortex""[tiab])) AND (""2015""[PDAT] : ""2025""[PDAT])","((""somatosensory cortex""[tiab] OR ""primary somatosensory cortex""[tiab])) AND (""2015""[PDAT] : ""2025""[PDAT])",4371,4371,https://eutils.ncbi.nlm.nih.gov/entrez/eutils/esearch.fcgi?db=pubmed&term=%28%28%22somatosensory+cortex%22%5Btiab%5D+OR+%22primary+somatosensory+cortex%22%5Btiab%5D%29%29+AND+%28%222015%22%5BPDAT%5D+%3A+%222025%22%5BPDAT%5D%29&retmode=json&rettype=count&tool=brain_region_prevalence&email=koerding%40gmail.com,https://eutils.ncbi.nlm.nih.gov/entrez/eutils/esearch.fcgi?db=pubmed&term=%28%28%22somatosensory+cortex%22%5Btiab%5D+OR+%22primary+somatosensory+cortex%22%5Btiab%5D%29%29+AND+%28%222015%22%5BPDAT%5D+%3A+%222025%22%5BPDAT%5D%29&retmode=json&rettype=count&tool=brain_region_prevalence&email=koerding%40gmail.com,2026-04-28,3.6407,0.6278,3.6407,0.6423
parietal cortex,sensory cortex,,1,"((""parietal cortex""[tiab])) AND (""2015""[PDAT] : ""2025""[PDAT])","(((""parietal cortex""[tiab])) NOT ((""posterior parietal cortex""[tiab] OR (""PPC""[tiab] AND (parietal[tiab]))))) AND (""2015""[PDAT] : ""2025""[PDAT])",4886,3445,https://eutils.ncbi.nlm.nih.gov/entrez/eutils/esearch.fcgi?db=pubmed&term=%28%28%22parietal+cortex%22%5Btiab%5D%29%29+AND+%28%222015%22%5BPDAT%5D+%3A+%222025%22%5BPDAT%5D%29&retmode=json&rettype=count&tool=brain_region_prevalence&email=koerding%40gmail.com,https://eutils.ncbi.nlm.nih.gov/entrez/eutils/esearch.fcgi?db=pubmed&term=%28%28%28%22parietal+cortex%22%5Btiab%5D%29%29+NOT+%28%28%22posterior+parietal+cortex%22%5Btiab%5D+OR+%28%22PPC%22%5Btiab%5D+AND+%28parietal%5Btiab%5D%29%29%29%29%29+AND+%28%222015%22%5BPDAT%5D+%3A+%222025%22%5BPDAT%5D%29&retmode=json&rettype=count&tool=brain_region_prevalence&email=koerding%40gmail.com,2026-04-28,3.689,0.643,3.5373,0.6091
posterior parietal cortex,sensory cortex,parietal cortex,0,"((""posterior parietal cortex""[tiab] OR (""PPC""[tiab] AND (parietal[tiab])))) AND (""2015""[PDAT] : ""2025""[PDAT])","((""posterior parietal cortex""[tiab] OR (""PPC""[tiab] AND (parietal[tiab])))) AND (""2015""[PDAT] : ""2025""[PDAT])",1475,1475,https://eutils.ncbi.nlm.nih.gov/entrez/eutils/esearch.fcgi?db=pubmed&term=%28%28%22posterior+parietal+cortex%22%5Btiab%5D+OR+%28%22PPC%22%5Btiab%5D+AND+%28parietal%5Btiab%5D%29%29%29%29+AND+%28%222015%22%5BPDAT%5D+%3A+%222025%22%5BPDAT%5D%29&retmode=json&rettype=count&tool=brain_region_prevalence&email=koerding%40gmail.com,https://eutils.ncbi.nlm.nih.gov/entrez/eutils/esearch.fcgi?db=pubmed&term=%28%28%22posterior+parietal+cortex%22%5Btiab%5D+OR+%28%22PPC%22%5Btiab%5D+AND+%28parietal%5Btiab%5D%29%29%29%29+AND+%28%222015%22%5BPDAT%5D+%3A+%222025%22%5BPDAT%5D%29&retmode=json&rettype=count&tool=brain_region_prevalence&email=koerding%40gmail.com,2026-04-28,3.1691,0.4796,3.1691,0.4907
auditory cortex,sensory cortex,,0,"((""auditory cortex""[tiab] OR ""primary auditory cortex""[tiab])) AND (""2015""[PDAT] : ""2025""[PDAT])","((""auditory cortex""[tiab] OR ""primary auditory cortex""[tiab])) AND (""2015""[PDAT] : ""2025""[PDAT])",4057,4057,https://eutils.ncbi.nlm.nih.gov/entrez/eutils/esearch.fcgi?db=pubmed&term=%28%28%22auditory+cortex%22%5Btiab%5D+OR+%22primary+auditory+cortex%22%5Btiab%5D%29%29+AND+%28%222015%22%5BPDAT%5D+%3A+%222025%22%5BPDAT%5D%29&retmode=json&rettype=count&tool=brain_region_prevalence&email=koerding%40gmail.com,https://eutils.ncbi.nlm.nih.gov/entrez/eutils/esearch.fcgi?db=pubmed&term=%28%28%22auditory+cortex%22%5Btiab%5D+OR+%22primary+auditory+cortex%22%5Btiab%5D%29%29+AND+%28%222015%22%5BPDAT%5D+%3A+%222025%22%5BPDAT%5D%29&retmode=json&rettype=count&tool=brain_region_prevalence&email=koerding%40gmail.com,2026-04-28,3.6083,0.6176,3.6083,0.6319
visual cortex,sensory cortex,occipital cortex,1,"((""visual cortex""[tiab])) AND (""2015""[PDAT] : ""2025""[PDAT])","(((""visual cortex""[tiab])) NOT ((""primary visual cortex""[tiab] OR ""striate cortex""[tiab]))) AND (""2015""[PDAT] : ""2025""[PDAT])",9247,6116,https://eutils.ncbi.nlm.nih.gov/entrez/eutils/esearch.fcgi?db=pubmed&term=%28%28%22visual+cortex%22%5Btiab%5D%29%29+AND+%28%222015%22%5BPDAT%5D+%3A+%222025%22%5BPDAT%5D%29&retmode=json&rettype=count&tool=brain_region_prevalence&email=koerding%40gmail.com,https://eutils.ncbi.nlm.nih.gov/entrez/eutils/esearch.fcgi?db=pubmed&term=%28%28%28%22visual+cortex%22%5Btiab%5D%29%29+NOT+%28%28%22primary+visual+cortex%22%5Btiab%5D+OR+%22striate+cortex%22%5Btiab%5D%29%29%29+AND+%28%222015%22%5BPDAT%5D+%3A+%222025%22%5BPDAT%5D%29&retmode=json&rettype=count&tool=brain_region_prevalence&email=koerding%40gmail.com,2026-04-28,3.966,0.7301,3.7865,0.6892
primary visual cortex,sensory cortex,visual cortex,0,"((""primary visual cortex""[tiab] OR ""striate cortex""[tiab])) AND (""2015""[PDAT] : ""2025""[PDAT])","((""primary visual cortex""[tiab] OR ""striate cortex""[tiab])) AND (""2015""[PDAT] : ""2025""[PDAT])",3198,3198,https://eutils.ncbi.nlm.nih.gov/entrez/eutils/esearch.fcgi?db=pubmed&term=%28%28%22primary+visual+cortex%22%5Btiab%5D+OR+%22striate+cortex%22%5Btiab%5D%29%29+AND+%28%222015%22%5BPDAT%5D+%3A+%222025%22%5BPDAT%5D%29&retmode=json&rettype=count&tool=brain_region_prevalence&email=koerding%40gmail.com,https://eutils.ncbi.nlm.nih.gov/entrez/eutils/esearch.fcgi?db=pubmed&term=%28%28%22primary+visual+cortex%22%5Btiab%5D+OR+%22striate+cortex%22%5Btiab%5D%29%29+AND+%28%222015%22%5BPDAT%5D+%3A+%222025%22%5BPDAT%5D%29&retmode=json&rettype=count&tool=brain_region_prevalence&email=koerding%40gmail.com,2026-04-28,3.505,0.5852,3.505,0.5987
occipital cortex,sensory cortex,,2,"((""occipital cortex""[tiab])) AND (""2015""[PDAT] : ""2025""[PDAT])","(((""occipital cortex""[tiab])) NOT ((""visual cortex""[tiab]) OR (""primary visual cortex""[tiab] OR ""striate cortex""[tiab]))) AND (""2015""[PDAT] : ""2025""[PDAT])",2405,2127,https://eutils.ncbi.nlm.nih.gov/entrez/eutils/esearch.fcgi?db=pubmed&term=%28%28%22occipital+cortex%22%5Btiab%5D%29%29+AND+%28%222015%22%5BPDAT%5D+%3A+%222025%22%5BPDAT%5D%29&retmode=json&rettype=count&tool=brain_region_prevalence&email=koerding%40gmail.com,https://eutils.ncbi.nlm.nih.gov/entrez/eutils/esearch.fcgi?db=pubmed&term=%28%28%28%22occipital+cortex%22%5Btiab%5D%29%29+NOT+%28%28%22visual+cortex%22%5Btiab%5D%29+OR+%28%22primary+visual+cortex%22%5Btiab%5D+OR+%22striate+cortex%22%5Btiab%5D%29%29%29+AND+%28%222015%22%5BPDAT%5D+%3A+%222025%22%5BPDAT%5D%29&retmode=json&rettype=count&tool=brain_region_prevalence&email=koerding%40gmail.com,2026-04-28,3.3813,0.5463,3.328,0.5418
temporal cortex,sensory cortex,,2,"((""temporal cortex""[tiab])) AND (""2015""[PDAT] : ""2025""[PDAT])","(((""temporal cortex""[tiab])) NOT ((""superior temporal gyrus""[tiab]) OR (""inferior temporal cortex""[tiab] OR ""inferotemporal cortex""[tiab]))) AND (""2015""[PDAT] : ""2025""[PDAT])",3475,2994,https://eutils.ncbi.nlm.nih.gov/entrez/eutils/esearch.fcgi?db=pubmed&term=%28%28%22temporal+cortex%22%5Btiab%5D%29%29+AND+%28%222015%22%5BPDAT%5D+%3A+%222025%22%5BPDAT%5D%29&retmode=json&rettype=count&tool=brain_region_prevalence&email=koerding%40gmail.com,https://eutils.ncbi.nlm.nih.gov/entrez/eutils/esearch.fcgi?db=pubmed&term=%28%28%28%22temporal+cortex%22%5Btiab%5D%29%29+NOT+%28%28%22superior+temporal+gyrus%22%5Btiab%5D%29+OR+%28%22inferior+temporal+cortex%22%5Btiab%5D+OR+%22inferotemporal+cortex%22%5Btiab%5D%29%29%29+AND+%28%222015%22%5BPDAT%5D+%3A+%222025%22%5BPDAT%5D%29&retmode=json&rettype=count&tool=brain_region_prevalence&email=koerding%40gmail.com,2026-04-28,3.5411,0.5965,3.4764,0.5895
inferior temporal cortex,sensory cortex,temporal cortex,0,"((""inferior temporal cortex""[tiab] OR ""inferotemporal cortex""[tiab])) AND (""2015""[PDAT] : ""2025""[PDAT])","((""inferior temporal cortex""[tiab] OR ""inferotemporal cortex""[tiab])) AND (""2015""[PDAT] : ""2025""[PDAT])",507,507,https://eutils.ncbi.nlm.nih.gov/entrez/eutils/esearch.fcgi?db=pubmed&term=%28%28%22inferior+temporal+cortex%22%5Btiab%5D+OR+%22inferotemporal+cortex%22%5Btiab%5D%29%29+AND+%28%222015%22%5BPDAT%5D+%3A+%222025%22%5BPDAT%5D%29&retmode=json&rettype=count&tool=brain_region_prevalence&email=koerding%40gmail.com,https://eutils.ncbi.nlm.nih.gov/entrez/eutils/esearch.fcgi?db=pubmed&term=%28%28%22inferior+temporal+cortex%22%5Btiab%5D+OR+%22inferotemporal+cortex%22%5Btiab%5D%29%29+AND+%28%222015%22%5BPDAT%5D+%3A+%222025%22%5BPDAT%5D%29&retmode=json&rettype=count&tool=brain_region_prevalence&email=koerding%40gmail.com,2026-04-28,2.7059,0.334,2.7059,0.3417
superior temporal gyrus,sensory cortex,temporal cortex,0,"((""superior temporal gyrus""[tiab])) AND (""2015""[PDAT] : ""2025""[PDAT])","((""superior temporal gyrus""[tiab])) AND (""2015""[PDAT] : ""2025""[PDAT])",3359,3359,https://eutils.ncbi.nlm.nih.gov/entrez/eutils/esearch.fcgi?db=pubmed&term=%28%28%22superior+temporal+gyrus%22%5Btiab%5D%29%29+AND+%28%222015%22%5BPDAT%5D+%3A+%222025%22%5BPDAT%5D%29&retmode=json&rettype=count&tool=brain_region_prevalence&email=koerding%40gmail.com,https://eutils.ncbi.nlm.nih.gov/entrez/eutils/esearch.fcgi?db=pubmed&term=%28%28%22superior+temporal+gyrus%22%5Btiab%5D%29%29+AND+%28%222015%22%5BPDAT%5D+%3A+%222025%22%5BPDAT%5D%29&retmode=json&rettype=count&tool=brain_region_prevalence&email=koerding%40gmail.com,2026-04-28,3.5263,0.5919,3.5263,0.6056
fusiform gyrus,sensory cortex,,0,"((""fusiform gyrus""[tiab])) AND (""2015""[PDAT] : ""2025""[PDAT])","((""fusiform gyrus""[tiab])) AND (""2015""[PDAT] : ""2025""[PDAT])",2195,2195,https://eutils.ncbi.nlm.nih.gov/entrez/eutils/esearch.fcgi?db=pubmed&term=%28%28%22fusiform+gyrus%22%5Btiab%5D%29%29+AND+%28%222015%22%5BPDAT%5D+%3A+%222025%22%5BPDAT%5D%29&retmode=json&rettype=count&tool=brain_region_prevalence&email=koerding%40gmail.com,https://eutils.ncbi.nlm.nih.gov/entrez/eutils/esearch.fcgi?db=pubmed&term=%28%28%22fusiform+gyrus%22%5Btiab%5D%29%29+AND+%28%222015%22%5BPDAT%5D+%3A+%222025%22%5BPDAT%5D%29&retmode=json&rettype=count&tool=brain_region_prevalence&email=koerding%40gmail.com,2026-04-28,3.3416,0.5338,3.3416,0.5462
angular gyrus,sensory cortex,,0,"((""angular gyrus""[tiab])) AND (""2015""[PDAT] : ""2025""[PDAT])","((""angular gyrus""[tiab])) AND (""2015""[PDAT] : ""2025""[PDAT])",2019,2019,https://eutils.ncbi.nlm.nih.gov/entrez/eutils/esearch.fcgi?db=pubmed&term=%28%28%22angular+gyrus%22%5Btiab%5D%29%29+AND+%28%222015%22%5BPDAT%5D+%3A+%222025%22%5BPDAT%5D%29&retmode=json&rettype=count&tool=brain_region_prevalence&email=koerding%40gmail.com,https://eutils.ncbi.nlm.nih.gov/entrez/eutils/esearch.fcgi?db=pubmed&term=%28%28%22angular+gyrus%22%5Btiab%5D%29%29+AND+%28%222015%22%5BPDAT%5D+%3A+%222025%22%5BPDAT%5D%29&retmode=json&rettype=count&tool=brain_region_prevalence&email=koerding%40gmail.com,2026-04-28,3.3054,0.5224,3.3054,0.5345
supramarginal gyrus,sensory cortex,,0,"((""supramarginal gyrus""[tiab])) AND (""2015""[PDAT] : ""2025""[PDAT])","((""supramarginal gyrus""[tiab])) AND (""2015""[PDAT] : ""2025""[PDAT])",1713,1713,https://eutils.ncbi.nlm.nih.gov/entrez/eutils/esearch.fcgi?db=pubmed&term=%28%28%22supramarginal+gyrus%22%5Btiab%5D%29%29+AND+%28%222015%22%5BPDAT%5D+%3A+%222025%22%5BPDAT%5D%29&retmode=json&rettype=count&tool=brain_region_prevalence&email=koerding%40gmail.com,https://eutils.ncbi.nlm.nih.gov/entrez/eutils/esearch.fcgi?db=pubmed&term=%28%28%22supramarginal+gyrus%22%5Btiab%5D%29%29+AND+%28%222015%22%5BPDAT%5D+%3A+%222025%22%5BPDAT%5D%29&retmode=json&rettype=count&tool=brain_region_prevalence&email=koerding%40gmail.com,2026-04-28,3.234,0.5,3.234,0.5115
anterior cingulate cortex,limbic cortex,cingulate cortex,0,"((""anterior cingulate cortex""[tiab] OR (""ACC""[tiab] AND (cingulate[tiab])))) AND (""2015""[PDAT] : ""2025""[PDAT])","((""anterior cingulate cortex""[tiab] OR (""ACC""[tiab] AND (cingulate[tiab])))) AND (""2015""[PDAT] : ""2025""[PDAT])",9073,9073,https://eutils.ncbi.nlm.nih.gov/entrez/eutils/esearch.fcgi?db=pubmed&term=%28%28%22anterior+cingulate+cortex%22%5Btiab%5D+OR+%28%22ACC%22%5Btiab%5D+AND+%28cingulate%5Btiab%5D%29%29%29%29+AND+%28%222015%22%5BPDAT%5D+%3A+%222025%22%5BPDAT%5D%29&retmode=json&rettype=count&tool=brain_region_prevalence&email=koerding%40gmail.com,https://eutils.ncbi.nlm.nih.gov/entrez/eutils/esearch.fcgi?db=pubmed&term=%28%28%22anterior+cingulate+cortex%22%5Btiab%5D+OR+%28%22ACC%22%5Btiab%5D+AND+%28cingulate%5Btiab%5D%29%29%29%29+AND+%28%222015%22%5BPDAT%5D+%3A+%222025%22%5BPDAT%5D%29&retmode=json&rettype=count&tool=brain_region_prevalence&email=koerding%40gmail.com,2026-04-28,3.9578,0.7275,3.9578,0.7443
posterior cingulate cortex,limbic cortex,cingulate cortex,0,"((""posterior cingulate cortex""[tiab] OR (""PCC""[tiab] AND (cingulate[tiab])))) AND (""2015""[PDAT] : ""2025""[PDAT])","((""posterior cingulate cortex""[tiab] OR (""PCC""[tiab] AND (cingulate[tiab])))) AND (""2015""[PDAT] : ""2025""[PDAT])",3127,3127,https://eutils.ncbi.nlm.nih.gov/entrez/eutils/esearch.fcgi?db=pubmed&term=%28%28%22posterior+cingulate+cortex%22%5Btiab%5D+OR+%28%22PCC%22%5Btiab%5D+AND+%28cingulate%5Btiab%5D%29%29%29%29+AND+%28%222015%22%5BPDAT%5D+%3A+%222025%22%5BPDAT%5D%29&retmode=json&rettype=count&tool=brain_region_prevalence&email=koerding%40gmail.com,https://eutils.ncbi.nlm.nih.gov/entrez/eutils/esearch.fcgi?db=pubmed&term=%28%28%22posterior+cingulate+cortex%22%5Btiab%5D+OR+%28%22PCC%22%5Btiab%5D+AND+%28cingulate%5Btiab%5D%29%29%29%29+AND+%28%222015%22%5BPDAT%5D+%3A+%222025%22%5BPDAT%5D%29&retmode=json&rettype=count&tool=brain_region_prevalence&email=koerding%40gmail.com,2026-04-28,3.4953,0.5821,3.4953,0.5956
cingulate cortex,limbic cortex,,2,"((""cingulate cortex""[tiab])) AND (""2015""[PDAT] : ""2025""[PDAT])","(((""cingulate cortex""[tiab])) NOT ((""posterior cingulate cortex""[tiab] OR (""PCC""[tiab] AND (cingulate[tiab]))) OR (""anterior cingulate cortex""[tiab] OR (""ACC""[tiab] AND (cingulate[tiab]))))) AND (""2015""[PDAT] : ""2025""[PDAT])",13031,1718,https://eutils.ncbi.nlm.nih.gov/entrez/eutils/esearch.fcgi?db=pubmed&term=%28%28%22cingulate+cortex%22%5Btiab%5D%29%29+AND+%28%222015%22%5BPDAT%5D+%3A+%222025%22%5BPDAT%5D%29&retmode=json&rettype=count&tool=brain_region_prevalence&email=koerding%40gmail.com,https://eutils.ncbi.nlm.nih.gov/entrez/eutils/esearch.fcgi?db=pubmed&term=%28%28%28%22cingulate+cortex%22%5Btiab%5D%29%29+NOT+%28%28%22posterior+cingulate+cortex%22%5Btiab%5D+OR+%28%22PCC%22%5Btiab%5D+AND+%28cingulate%5Btiab%5D%29%29%29+OR+%28%22anterior+cingulate+cortex%22%5Btiab%5D+OR+%28%22ACC%22%5Btiab%5D+AND+%28cingulate%5Btiab%5D%29%29%29%29%29+AND+%28%222015%22%5BPDAT%5D+%3A+%222025%22%5BPDAT%5D%29&retmode=json&rettype=count&tool=brain_region_prevalence&email=koerding%40gmail.com,2026-04-28,4.115,0.7769,3.2353,0.512
retrosplenial cortex,limbic cortex,,0,"((""retrosplenial cortex""[tiab] OR (""RSC""[tiab] AND (retrosplenial[tiab])))) AND (""2015""[PDAT] : ""2025""[PDAT])","((""retrosplenial cortex""[tiab] OR (""RSC""[tiab] AND (retrosplenial[tiab])))) AND (""2015""[PDAT] : ""2025""[PDAT])",887,887,https://eutils.ncbi.nlm.nih.gov/entrez/eutils/esearch.fcgi?db=pubmed&term=%28%28%22retrosplenial+cortex%22%5Btiab%5D+OR+%28%22RSC%22%5Btiab%5D+AND+%28retrosplenial%5Btiab%5D%29%29%29%29+AND+%28%222015%22%5BPDAT%5D+%3A+%222025%22%5BPDAT%5D%29&retmode=json&rettype=count&tool=brain_region_prevalence&email=koerding%40gmail.com,https://eutils.ncbi.nlm.nih.gov/entrez/eutils/esearch.fcgi?db=pubmed&term=%28%28%22retrosplenial+cortex%22%5Btiab%5D+OR+%28%22RSC%22%5Btiab%5D+AND+%28retrosplenial%5Btiab%5D%29%29%29%29+AND+%28%222015%22%5BPDAT%5D+%3A+%222025%22%5BPDAT%5D%29&retmode=json&rettype=count&tool=brain_region_prevalence&email=koerding%40gmail.com,2026-04-28,2.9484,0.4102,2.9484,0.4197
insular cortex,limbic cortex,,0,"((""insular cortex""[tiab] OR ""insula""[tiab])) AND (""2015""[PDAT] : ""2025""[PDAT])","((""insular cortex""[tiab] OR ""insula""[tiab])) AND (""2015""[PDAT] : ""2025""[PDAT])",12723,12723,https://eutils.ncbi.nlm.nih.gov/entrez/eutils/esearch.fcgi?db=pubmed&term=%28%28%22insular+cortex%22%5Btiab%5D+OR+%22insula%22%5Btiab%5D%29%29+AND+%28%222015%22%5BPDAT%5D+%3A+%222025%22%5BPDAT%5D%29&retmode=json&rettype=count&tool=brain_region_prevalence&email=koerding%40gmail.com,https://eutils.ncbi.nlm.nih.gov/entrez/eutils/esearch.fcgi?db=pubmed&term=%28%28%22insular+cortex%22%5Btiab%5D+OR+%22insula%22%5Btiab%5D%29%29+AND+%28%222015%22%5BPDAT%5D+%3A+%222025%22%5BPDAT%5D%29&retmode=json&rettype=count&tool=brain_region_prevalence&email=koerding%40gmail.com,2026-04-28,4.1046,0.7736,4.1046,0.7915
entorhinal cortex,limbic cortex,,0,"((""entorhinal cortex""[tiab] OR (""EC""[tiab] AND (entorhinal[tiab])))) AND (""2015""[PDAT] : ""2025""[PDAT])","((""entorhinal cortex""[tiab] OR (""EC""[tiab] AND (entorhinal[tiab])))) AND (""2015""[PDAT] : ""2025""[PDAT])",3512,3512,https://eutils.ncbi.nlm.nih.gov/entrez/eutils/esearch.fcgi?db=pubmed&term=%28%28%22entorhinal+cortex%22%5Btiab%5D+OR+%28%22EC%22%5Btiab%5D+AND+%28entorhinal%5Btiab%5D%29%29%29%29+AND+%28%222015%22%5BPDAT%5D+%3A+%222025%22%5BPDAT%5D%29&retmode=json&rettype=count&tool=brain_region_prevalence&email=koerding%40gmail.com,https://eutils.ncbi.nlm.nih.gov/entrez/eutils/esearch.fcgi?db=pubmed&term=%28%28%22entorhinal+cortex%22%5Btiab%5D+OR+%28%22EC%22%5Btiab%5D+AND+%28entorhinal%5Btiab%5D%29%29%29%29+AND+%28%222015%22%5BPDAT%5D+%3A+%222025%22%5BPDAT%5D%29&retmode=json&rettype=count&tool=brain_region_prevalence&email=koerding%40gmail.com,2026-04-28,3.5457,0.5979,3.5457,0.6118
perirhinal cortex,limbic cortex,,0,"((""perirhinal cortex""[tiab])) AND (""2015""[PDAT] : ""2025""[PDAT])","((""perirhinal cortex""[tiab])) AND (""2015""[PDAT] : ""2025""[PDAT])",579,579,https://eutils.ncbi.nlm.nih.gov/entrez/eutils/esearch.fcgi?db=pubmed&term=%28%28%22perirhinal+cortex%22%5Btiab%5D%29%29+AND+%28%222015%22%5BPDAT%5D+%3A+%222025%22%5BPDAT%5D%29&retmode=json&rettype=count&tool=brain_region_prevalence&email=koerding%40gmail.com,https://eutils.ncbi.nlm.nih.gov/entrez/eutils/esearch.fcgi?db=pubmed&term=%28%28%22perirhinal+cortex%22%5Btiab%5D%29%29+AND+%28%222015%22%5BPDAT%5D+%3A+%222025%22%5BPDAT%5D%29&retmode=json&rettype=count&tool=brain_region_prevalence&email=koerding%40gmail.com,2026-04-28,2.7634,0.3521,2.7634,0.3602
parahippocampal cortex,limbic cortex,,0,"((""parahippocampal cortex""[tiab])) AND (""2015""[PDAT] : ""2025""[PDAT])","((""parahippocampal cortex""[tiab])) AND (""2015""[PDAT] : ""2025""[PDAT])",398,398,https://eutils.ncbi.nlm.nih.gov/entrez/eutils/esearch.fcgi?db=pubmed&term=%28%28%22parahippocampal+cortex%22%5Btiab%5D%29%29+AND+%28%222015%22%5BPDAT%5D+%3A+%222025%22%5BPDAT%5D%29&retmode=json&rettype=count&tool=brain_region_prevalence&email=koerding%40gmail.com,https://eutils.ncbi.nlm.nih.gov/entrez/eutils/esearch.fcgi?db=pubmed&term=%28%28%22parahippocampal+cortex%22%5Btiab%5D%29%29+AND+%28%222015%22%5BPDAT%5D+%3A+%222025%22%5BPDAT%5D%29&retmode=json&rettype=count&tool=brain_region_prevalence&email=koerding%40gmail.com,2026-04-28,2.601,0.301,2.601,0.308
piriform cortex,limbic cortex,,0,"((""piriform cortex""[tiab])) AND (""2015""[PDAT] : ""2025""[PDAT])","((""piriform cortex""[tiab])) AND (""2015""[PDAT] : ""2025""[PDAT])",887,887,https://eutils.ncbi.nlm.nih.gov/entrez/eutils/esearch.fcgi?db=pubmed&term=%28%28%22piriform+cortex%22%5Btiab%5D%29%29+AND+%28%222015%22%5BPDAT%5D+%3A+%222025%22%5BPDAT%5D%29&retmode=json&rettype=count&tool=brain_region_prevalence&email=koerding%40gmail.com,https://eutils.ncbi.nlm.nih.gov/entrez/eutils/esearch.fcgi?db=pubmed&term=%28%28%22piriform+cortex%22%5Btiab%5D%29%29+AND+%28%222015%22%5BPDAT%5D+%3A+%222025%22%5BPDAT%5D%29&retmode=json&rettype=count&tool=brain_region_prevalence&email=koerding%40gmail.com,2026-04-28,2.9484,0.4102,2.9484,0.4197
hippocampus,hippocampal,,5,"((""hippocampus""[tiab] OR ""hippocampal formation""[tiab])) AND (""2015""[PDAT] : ""2025""[PDAT])","(((""hippocampus""[tiab] OR ""hippocampal formation""[tiab])) NOT ((""subiculum""[tiab]) OR (""hippocampal CA3""[tiab] OR ""CA3 region""[tiab] OR ""CA3 pyramidal""[tiab] OR ""CA3 neurons""[tiab] OR ""CA3 of the hippocampus""[tiab]) OR (""hippocampal CA2""[tiab] OR ""CA2 region""[tiab] OR ""CA2 of the hippocampus""[tiab]) OR (""hippocampal CA1""[tiab] OR ""CA1 region""[tiab] OR ""CA1 pyramidal""[tiab] OR ""CA1 neurons""[tiab] OR ""CA1 of the hippocampus""[tiab]) OR (""dentate gyrus""[tiab]))) AND (""2015""[PDAT] : ""2025""[PDAT])",66791,56595,https://eutils.ncbi.nlm.nih.gov/entrez/eutils/esearch.fcgi?db=pubmed&term=%28%28%22hippocampus%22%5Btiab%5D+OR+%22hippocampal+formation%22%5Btiab%5D%29%29+AND+%28%222015%22%5BPDAT%5D+%3A+%222025%22%5BPDAT%5D%29&retmode=json&rettype=count&tool=brain_region_prevalence&email=koerding%40gmail.com,https://eutils.ncbi.nlm.nih.gov/entrez/eutils/esearch.fcgi?db=pubmed&term=%28%28%28%22hippocampus%22%5Btiab%5D+OR+%22hippocampal+formation%22%5Btiab%5D%29%29+NOT+%28%28%22subiculum%22%5Btiab%5D%29+OR+%28%22hippocampal+CA3%22%5Btiab%5D+OR+%22CA3+region%22%5Btiab%5D+OR+%22CA3+pyramidal%22%5Btiab%5D+OR+%22CA3+neurons%22%5Btiab%5D+OR+%22CA3+of+the+hippocampus%22%5Btiab%5D%29+OR+%28%22hippocampal+CA2%22%5Btiab%5D+OR+%22CA2+region%22%5Btiab%5D+OR+%22CA2+of+the+hippocampus%22%5Btiab%5D%29+OR+%28%22hippocampal+CA1%22%5Btiab%5D+OR+%22CA1+region%22%5Btiab%5D+OR+%22CA1+pyramidal%22%5Btiab%5D+OR+%22CA1+neurons%22%5Btiab%5D+OR+%22CA1+of+the+hippocampus%22%5Btiab%5D%29+OR+%28%22dentate+gyrus%22%5Btiab%5D%29%29%29+AND+%28%222015%22%5BPDAT%5D+%3A+%222025%22%5BPDAT%5D%29&retmode=json&rettype=count&tool=brain_region_prevalence&email=koerding%40gmail.com,2026-04-28,4.8247,1.0,4.7528,1.0
dentate gyrus,hippocampal,hippocampus,0,"((""dentate gyrus""[tiab])) AND (""2015""[PDAT] : ""2025""[PDAT])","((""dentate gyrus""[tiab])) AND (""2015""[PDAT] : ""2025""[PDAT])",7558,7558,https://eutils.ncbi.nlm.nih.gov/entrez/eutils/esearch.fcgi?db=pubmed&term=%28%28%22dentate+gyrus%22%5Btiab%5D%29%29+AND+%28%222015%22%5BPDAT%5D+%3A+%222025%22%5BPDAT%5D%29&retmode=json&rettype=count&tool=brain_region_prevalence&email=koerding%40gmail.com,https://eutils.ncbi.nlm.nih.gov/entrez/eutils/esearch.fcgi?db=pubmed&term=%28%28%22dentate+gyrus%22%5Btiab%5D%29%29+AND+%28%222015%22%5BPDAT%5D+%3A+%222025%22%5BPDAT%5D%29&retmode=json&rettype=count&tool=brain_region_prevalence&email=koerding%40gmail.com,2026-04-28,3.8785,0.7026,3.8785,0.7188
CA1,hippocampal,hippocampus,0,"((""hippocampal CA1""[tiab] OR ""CA1 region""[tiab] OR ""CA1 pyramidal""[tiab] OR ""CA1 neurons""[tiab] OR ""CA1 of the hippocampus""[tiab])) AND (""2015""[PDAT] : ""2025""[PDAT])","((""hippocampal CA1""[tiab] OR ""CA1 region""[tiab] OR ""CA1 pyramidal""[tiab] OR ""CA1 neurons""[tiab] OR ""CA1 of the hippocampus""[tiab])) AND (""2015""[PDAT] : ""2025""[PDAT])",5952,5952,https://eutils.ncbi.nlm.nih.gov/entrez/eutils/esearch.fcgi?db=pubmed&term=%28%28%22hippocampal+CA1%22%5Btiab%5D+OR+%22CA1+region%22%5Btiab%5D+OR+%22CA1+pyramidal%22%5Btiab%5D+OR+%22CA1+neurons%22%5Btiab%5D+OR+%22CA1+of+the+hippocampus%22%5Btiab%5D%29%29+AND+%28%222015%22%5BPDAT%5D+%3A+%222025%22%5BPDAT%5D%29&retmode=json&rettype=count&tool=brain_region_prevalence&email=koerding%40gmail.com,https://eutils.ncbi.nlm.nih.gov/entrez/eutils/esearch.fcgi?db=pubmed&term=%28%28%22hippocampal+CA1%22%5Btiab%5D+OR+%22CA1+region%22%5Btiab%5D+OR+%22CA1+pyramidal%22%5Btiab%5D+OR+%22CA1+neurons%22%5Btiab%5D+OR+%22CA1+of+the+hippocampus%22%5Btiab%5D%29%29+AND+%28%222015%22%5BPDAT%5D+%3A+%222025%22%5BPDAT%5D%29&retmode=json&rettype=count&tool=brain_region_prevalence&email=koerding%40gmail.com,2026-04-28,3.7747,0.6699,3.7747,0.6854
CA2,hippocampal,hippocampus,0,"((""hippocampal CA2""[tiab] OR ""CA2 region""[tiab] OR ""CA2 of the hippocampus""[tiab])) AND (""2015""[PDAT] : ""2025""[PDAT])","((""hippocampal CA2""[tiab] OR ""CA2 region""[tiab] OR ""CA2 of the hippocampus""[tiab])) AND (""2015""[PDAT] : ""2025""[PDAT])",212,212,https://eutils.ncbi.nlm.nih.gov/entrez/eutils/esearch.fcgi?db=pubmed&term=%28%28%22hippocampal+CA2%22%5Btiab%5D+OR+%22CA2+region%22%5Btiab%5D+OR+%22CA2+of+the+hippocampus%22%5Btiab%5D%29%29+AND+%28%222015%22%5BPDAT%5D+%3A+%222025%22%5BPDAT%5D%29&retmode=json&rettype=count&tool=brain_region_prevalence&email=koerding%40gmail.com,https://eutils.ncbi.nlm.nih.gov/entrez/eutils/esearch.fcgi?db=pubmed&term=%28%28%22hippocampal+CA2%22%5Btiab%5D+OR+%22CA2+region%22%5Btiab%5D+OR+%22CA2+of+the+hippocampus%22%5Btiab%5D%29%29+AND+%28%222015%22%5BPDAT%5D+%3A+%222025%22%5BPDAT%5D%29&retmode=json&rettype=count&tool=brain_region_prevalence&email=koerding%40gmail.com,2026-04-28,2.3284,0.2153,2.3284,0.2203
CA3,hippocampal,hippocampus,0,"((""hippocampal CA3""[tiab] OR ""CA3 region""[tiab] OR ""CA3 pyramidal""[tiab] OR ""CA3 neurons""[tiab] OR ""CA3 of the hippocampus""[tiab])) AND (""2015""[PDAT] : ""2025""[PDAT])","((""hippocampal CA3""[tiab] OR ""CA3 region""[tiab] OR ""CA3 pyramidal""[tiab] OR ""CA3 neurons""[tiab] OR ""CA3 of the hippocampus""[tiab])) AND (""2015""[PDAT] : ""2025""[PDAT])",1462,1462,https://eutils.ncbi.nlm.nih.gov/entrez/eutils/esearch.fcgi?db=pubmed&term=%28%28%22hippocampal+CA3%22%5Btiab%5D+OR+%22CA3+region%22%5Btiab%5D+OR+%22CA3+pyramidal%22%5Btiab%5D+OR+%22CA3+neurons%22%5Btiab%5D+OR+%22CA3+of+the+hippocampus%22%5Btiab%5D%29%29+AND+%28%222015%22%5BPDAT%5D+%3A+%222025%22%5BPDAT%5D%29&retmode=json&rettype=count&tool=brain_region_prevalence&email=koerding%40gmail.com,https://eutils.ncbi.nlm.nih.gov/entrez/eutils/esearch.fcgi?db=pubmed&term=%28%28%22hippocampal+CA3%22%5Btiab%5D+OR+%22CA3+region%22%5Btiab%5D+OR+%22CA3+pyramidal%22%5Btiab%5D+OR+%22CA3+neurons%22%5Btiab%5D+OR+%22CA3+of+the+hippocampus%22%5Btiab%5D%29%29+AND+%28%222015%22%5BPDAT%5D+%3A+%222025%22%5BPDAT%5D%29&retmode=json&rettype=count&tool=brain_region_prevalence&email=koerding%40gmail.com,2026-04-28,3.1652,0.4784,3.1652,0.4894
subiculum,hippocampal,hippocampus,0,"((""subiculum""[tiab])) AND (""2015""[PDAT] : ""2025""[PDAT])","((""subiculum""[tiab])) AND (""2015""[PDAT] : ""2025""[PDAT])",1308,1308,https://eutils.ncbi.nlm.nih.gov/entrez/eutils/esearch.fcgi?db=pubmed&term=%28%28%22subiculum%22%5Btiab%5D%29%29+AND+%28%222015%22%5BPDAT%5D+%3A+%222025%22%5BPDAT%5D%29&retmode=json&rettype=count&tool=brain_region_prevalence&email=koerding%40gmail.com,https://eutils.ncbi.nlm.nih.gov/entrez/eutils/esearch.fcgi?db=pubmed&term=%28%28%22subiculum%22%5Btiab%5D%29%29+AND+%28%222015%22%5BPDAT%5D+%3A+%222025%22%5BPDAT%5D%29&retmode=json&rettype=count&tool=brain_region_prevalence&email=koerding%40gmail.com,2026-04-28,3.1169,0.4632,3.1169,0.4739
amygdala,amygdala,,2,"((""amygdala""[tiab])) AND (""2015""[PDAT] : ""2025""[PDAT])","(((""amygdala""[tiab])) NOT ((""central amygdala""[tiab] OR ""central nucleus of the amygdala""[tiab] OR (""CeA""[tiab] AND (amygdala[tiab] OR central[tiab]))) OR (""basolateral amygdala""[tiab] OR (""BLA""[tiab] AND (amygdala[tiab] OR basolateral[tiab]))))) AND (""2015""[PDAT] : ""2025""[PDAT])",20400,16310,https://eutils.ncbi.nlm.nih.gov/entrez/eutils/esearch.fcgi?db=pubmed&term=%28%28%22amygdala%22%5Btiab%5D%29%29+AND+%28%222015%22%5BPDAT%5D+%3A+%222025%22%5BPDAT%5D%29&retmode=json&rettype=count&tool=brain_region_prevalence&email=koerding%40gmail.com,https://eutils.ncbi.nlm.nih.gov/entrez/eutils/esearch.fcgi?db=pubmed&term=%28%28%28%22amygdala%22%5Btiab%5D%29%29+NOT+%28%28%22central+amygdala%22%5Btiab%5D+OR+%22central+nucleus+of+the+amygdala%22%5Btiab%5D+OR+%28%22CeA%22%5Btiab%5D+AND+%28amygdala%5Btiab%5D+OR+central%5Btiab%5D%29%29%29+OR+%28%22basolateral+amygdala%22%5Btiab%5D+OR+%28%22BLA%22%5Btiab%5D+AND+%28amygdala%5Btiab%5D+OR+basolateral%5Btiab%5D%29%29%29%29%29+AND+%28%222015%22%5BPDAT%5D+%3A+%222025%22%5BPDAT%5D%29&retmode=json&rettype=count&tool=brain_region_prevalence&email=koerding%40gmail.com,2026-04-28,4.3097,0.8381,4.2125,0.8262
basolateral amygdala,amygdala,amygdala,0,"((""basolateral amygdala""[tiab] OR (""BLA""[tiab] AND (amygdala[tiab] OR basolateral[tiab])))) AND (""2015""[PDAT] : ""2025""[PDAT])","((""basolateral amygdala""[tiab] OR (""BLA""[tiab] AND (amygdala[tiab] OR basolateral[tiab])))) AND (""2015""[PDAT] : ""2025""[PDAT])",2785,2785,https://eutils.ncbi.nlm.nih.gov/entrez/eutils/esearch.fcgi?db=pubmed&term=%28%28%22basolateral+amygdala%22%5Btiab%5D+OR+%28%22BLA%22%5Btiab%5D+AND+%28amygdala%5Btiab%5D+OR+basolateral%5Btiab%5D%29%29%29%29+AND+%28%222015%22%5BPDAT%5D+%3A+%222025%22%5BPDAT%5D%29&retmode=json&rettype=count&tool=brain_region_prevalence&email=koerding%40gmail.com,https://eutils.ncbi.nlm.nih.gov/entrez/eutils/esearch.fcgi?db=pubmed&term=%28%28%22basolateral+amygdala%22%5Btiab%5D+OR+%28%22BLA%22%5Btiab%5D+AND+%28amygdala%5Btiab%5D+OR+basolateral%5Btiab%5D%29%29%29%29+AND+%28%222015%22%5BPDAT%5D+%3A+%222025%22%5BPDAT%5D%29&retmode=json&rettype=count&tool=brain_region_prevalence&email=koerding%40gmail.com,2026-04-28,3.445,0.5663,3.445,0.5794
central amygdala,amygdala,amygdala,0,"((""central amygdala""[tiab] OR ""central nucleus of the amygdala""[tiab] OR (""CeA""[tiab] AND (amygdala[tiab] OR central[tiab])))) AND (""2015""[PDAT] : ""2025""[PDAT])","((""central amygdala""[tiab] OR ""central nucleus of the amygdala""[tiab] OR (""CeA""[tiab] AND (amygdala[tiab] OR central[tiab])))) AND (""2015""[PDAT] : ""2025""[PDAT])",1884,1884,https://eutils.ncbi.nlm.nih.gov/entrez/eutils/esearch.fcgi?db=pubmed&term=%28%28%22central+amygdala%22%5Btiab%5D+OR+%22central+nucleus+of+the+amygdala%22%5Btiab%5D+OR+%28%22CeA%22%5Btiab%5D+AND+%28amygdala%5Btiab%5D+OR+central%5Btiab%5D%29%29%29%29+AND+%28%222015%22%5BPDAT%5D+%3A+%222025%22%5BPDAT%5D%29&retmode=json&rettype=count&tool=brain_region_prevalence&email=koerding%40gmail.com,https://eutils.ncbi.nlm.nih.gov/entrez/eutils/esearch.fcgi?db=pubmed&term=%28%28%22central+amygdala%22%5Btiab%5D+OR+%22central+nucleus+of+the+amygdala%22%5Btiab%5D+OR+%28%22CeA%22%5Btiab%5D+AND+%28amygdala%5Btiab%5D+OR+central%5Btiab%5D%29%29%29%29+AND+%28%222015%22%5BPDAT%5D+%3A+%222025%22%5BPDAT%5D%29&retmode=json&rettype=count&tool=brain_region_prevalence&email=koerding%40gmail.com,2026-04-28,3.2753,0.513,3.2753,0.5248
bed nucleus of the stria terminalis,limbic subcortical,,0,"((""bed nucleus of the stria terminalis""[tiab] OR (""BNST""[tiab] AND (stria[tiab] OR terminalis[tiab] OR amygdala[tiab])))) AND (""2015""[PDAT] : ""2025""[PDAT])","((""bed nucleus of the stria terminalis""[tiab] OR (""BNST""[tiab] AND (stria[tiab] OR terminalis[tiab] OR amygdala[tiab])))) AND (""2015""[PDAT] : ""2025""[PDAT])",1251,1251,https://eutils.ncbi.nlm.nih.gov/entrez/eutils/esearch.fcgi?db=pubmed&term=%28%28%22bed+nucleus+of+the+stria+terminalis%22%5Btiab%5D+OR+%28%22BNST%22%5Btiab%5D+AND+%28stria%5Btiab%5D+OR+terminalis%5Btiab%5D+OR+amygdala%5Btiab%5D%29%29%29%29+AND+%28%222015%22%5BPDAT%5D+%3A+%222025%22%5BPDAT%5D%29&retmode=json&rettype=count&tool=brain_region_prevalence&email=koerding%40gmail.com,https://eutils.ncbi.nlm.nih.gov/entrez/eutils/esearch.fcgi?db=pubmed&term=%28%28%22bed+nucleus+of+the+stria+terminalis%22%5Btiab%5D+OR+%28%22BNST%22%5Btiab%5D+AND+%28stria%5Btiab%5D+OR+terminalis%5Btiab%5D+OR+amygdala%5Btiab%5D%29%29%29%29+AND+%28%222015%22%5BPDAT%5D+%3A+%222025%22%5BPDAT%5D%29&retmode=json&rettype=count&tool=brain_region_prevalence&email=koerding%40gmail.com,2026-04-28,3.0976,0.4571,3.0976,0.4677
lateral septum,limbic subcortical,,0,"((""lateral septum""[tiab])) AND (""2015""[PDAT] : ""2025""[PDAT])","((""lateral septum""[tiab])) AND (""2015""[PDAT] : ""2025""[PDAT])",479,479,https://eutils.ncbi.nlm.nih.gov/entrez/eutils/esearch.fcgi?db=pubmed&term=%28%28%22lateral+septum%22%5Btiab%5D%29%29+AND+%28%222015%22%5BPDAT%5D+%3A+%222025%22%5BPDAT%5D%29&retmode=json&rettype=count&tool=brain_region_prevalence&email=koerding%40gmail.com,https://eutils.ncbi.nlm.nih.gov/entrez/eutils/esearch.fcgi?db=pubmed&term=%28%28%22lateral+septum%22%5Btiab%5D%29%29+AND+%28%222015%22%5BPDAT%5D+%3A+%222025%22%5BPDAT%5D%29&retmode=json&rettype=count&tool=brain_region_prevalence&email=koerding%40gmail.com,2026-04-28,2.6812,0.3262,2.6812,0.3338
medial septum,limbic subcortical,,0,"((""medial septum""[tiab])) AND (""2015""[PDAT] : ""2025""[PDAT])","((""medial septum""[tiab])) AND (""2015""[PDAT] : ""2025""[PDAT])",462,462,https://eutils.ncbi.nlm.nih.gov/entrez/eutils/esearch.fcgi?db=pubmed&term=%28%28%22medial+septum%22%5Btiab%5D%29%29+AND+%28%222015%22%5BPDAT%5D+%3A+%222025%22%5BPDAT%5D%29&retmode=json&rettype=count&tool=brain_region_prevalence&email=koerding%40gmail.com,https://eutils.ncbi.nlm.nih.gov/entrez/eutils/esearch.fcgi?db=pubmed&term=%28%28%22medial+septum%22%5Btiab%5D%29%29+AND+%28%222015%22%5BPDAT%5D+%3A+%222025%22%5BPDAT%5D%29&retmode=json&rettype=count&tool=brain_region_prevalence&email=koerding%40gmail.com,2026-04-28,2.6656,0.3213,2.6656,0.3287
septal nuclei,limbic subcortical,,0,"((""septal nuclei""[tiab] OR ""septal nucleus""[tiab])) AND (""2015""[PDAT] : ""2025""[PDAT])","((""septal nuclei""[tiab] OR ""septal nucleus""[tiab])) AND (""2015""[PDAT] : ""2025""[PDAT])",247,247,https://eutils.ncbi.nlm.nih.gov/entrez/eutils/esearch.fcgi?db=pubmed&term=%28%28%22septal+nuclei%22%5Btiab%5D+OR+%22septal+nucleus%22%5Btiab%5D%29%29+AND+%28%222015%22%5BPDAT%5D+%3A+%222025%22%5BPDAT%5D%29&retmode=json&rettype=count&tool=brain_region_prevalence&email=koerding%40gmail.com,https://eutils.ncbi.nlm.nih.gov/entrez/eutils/esearch.fcgi?db=pubmed&term=%28%28%22septal+nuclei%22%5Btiab%5D+OR+%22septal+nucleus%22%5Btiab%5D%29%29+AND+%28%222015%22%5BPDAT%5D+%3A+%222025%22%5BPDAT%5D%29&retmode=json&rettype=count&tool=brain_region_prevalence&email=koerding%40gmail.com,2026-04-28,2.3945,0.2361,2.3945,0.2415
basal forebrain,limbic subcortical,,0,"((""basal forebrain""[tiab])) AND (""2015""[PDAT] : ""2025""[PDAT])","((""basal forebrain""[tiab])) AND (""2015""[PDAT] : ""2025""[PDAT])",1563,1563,https://eutils.ncbi.nlm.nih.gov/entrez/eutils/esearch.fcgi?db=pubmed&term=%28%28%22basal+forebrain%22%5Btiab%5D%29%29+AND+%28%222015%22%5BPDAT%5D+%3A+%222025%22%5BPDAT%5D%29&retmode=json&rettype=count&tool=brain_region_prevalence&email=koerding%40gmail.com,https://eutils.ncbi.nlm.nih.gov/entrez/eutils/esearch.fcgi?db=pubmed&term=%28%28%22basal+forebrain%22%5Btiab%5D%29%29+AND+%28%222015%22%5BPDAT%5D+%3A+%222025%22%5BPDAT%5D%29&retmode=json&rettype=count&tool=brain_region_prevalence&email=koerding%40gmail.com,2026-04-28,3.1942,0.4875,3.1942,0.4988
diagonal band,limbic subcortical,,0,"((""diagonal band of Broca""[tiab] OR ""nucleus of the diagonal band""[tiab])) AND (""2015""[PDAT] : ""2025""[PDAT])","((""diagonal band of Broca""[tiab] OR ""nucleus of the diagonal band""[tiab])) AND (""2015""[PDAT] : ""2025""[PDAT])",157,157,https://eutils.ncbi.nlm.nih.gov/entrez/eutils/esearch.fcgi?db=pubmed&term=%28%28%22diagonal+band+of+Broca%22%5Btiab%5D+OR+%22nucleus+of+the+diagonal+band%22%5Btiab%5D%29%29+AND+%28%222015%22%5BPDAT%5D+%3A+%222025%22%5BPDAT%5D%29&retmode=json&rettype=count&tool=brain_region_prevalence&email=koerding%40gmail.com,https://eutils.ncbi.nlm.nih.gov/entrez/eutils/esearch.fcgi?db=pubmed&term=%28%28%22diagonal+band+of+Broca%22%5Btiab%5D+OR+%22nucleus+of+the+diagonal+band%22%5Btiab%5D%29%29+AND+%28%222015%22%5BPDAT%5D+%3A+%222025%22%5BPDAT%5D%29&retmode=json&rettype=count&tool=brain_region_prevalence&email=koerding%40gmail.com,2026-04-28,2.1987,0.1745,2.1987,0.1786
claustrum,limbic subcortical,,0,"((""claustrum""[tiab])) AND (""2015""[PDAT] : ""2025""[PDAT])","((""claustrum""[tiab])) AND (""2015""[PDAT] : ""2025""[PDAT])",502,502,https://eutils.ncbi.nlm.nih.gov/entrez/eutils/esearch.fcgi?db=pubmed&term=%28%28%22claustrum%22%5Btiab%5D%29%29+AND+%28%222015%22%5BPDAT%5D+%3A+%222025%22%5BPDAT%5D%29&retmode=json&rettype=count&tool=brain_region_prevalence&email=koerding%40gmail.com,https://eutils.ncbi.nlm.nih.gov/entrez/eutils/esearch.fcgi?db=pubmed&term=%28%28%22claustrum%22%5Btiab%5D%29%29+AND+%28%222015%22%5BPDAT%5D+%3A+%222025%22%5BPDAT%5D%29&retmode=json&rettype=count&tool=brain_region_prevalence&email=koerding%40gmail.com,2026-04-28,2.7016,0.3326,2.7016,0.3403
striatum,basal ganglia,,5,"((""striatum""[tiab] OR ""corpus striatum""[tiab])) AND (""2015""[PDAT] : ""2025""[PDAT])","(((""striatum""[tiab] OR ""corpus striatum""[tiab])) NOT ((""putamen""[tiab]) OR (""caudate nucleus""[tiab]) OR (""nucleus accumbens""[tiab] OR (""NAc""[tiab] AND (accumbens[tiab] OR striat*[tiab] OR reward[tiab]))) OR (""ventral striatum""[tiab]) OR (""dorsal striatum""[tiab]))) AND (""2015""[PDAT] : ""2025""[PDAT])",19841,13876,https://eutils.ncbi.nlm.nih.gov/entrez/eutils/esearch.fcgi?db=pubmed&term=%28%28%22striatum%22%5Btiab%5D+OR+%22corpus+striatum%22%5Btiab%5D%29%29+AND+%28%222015%22%5BPDAT%5D+%3A+%222025%22%5BPDAT%5D%29&retmode=json&rettype=count&tool=brain_region_prevalence&email=koerding%40gmail.com,https://eutils.ncbi.nlm.nih.gov/entrez/eutils/esearch.fcgi?db=pubmed&term=%28%28%28%22striatum%22%5Btiab%5D+OR+%22corpus+striatum%22%5Btiab%5D%29%29+NOT+%28%28%22putamen%22%5Btiab%5D%29+OR+%28%22caudate+nucleus%22%5Btiab%5D%29+OR+%28%22nucleus+accumbens%22%5Btiab%5D+OR+%28%22NAc%22%5Btiab%5D+AND+%28accumbens%5Btiab%5D+OR+striat%2A%5Btiab%5D+OR+reward%5Btiab%5D%29%29%29+OR+%28%22ventral+striatum%22%5Btiab%5D%29+OR+%28%22dorsal+striatum%22%5Btiab%5D%29%29%29+AND+%28%222015%22%5BPDAT%5D+%3A+%222025%22%5BPDAT%5D%29&retmode=json&rettype=count&tool=brain_region_prevalence&email=koerding%40gmail.com,2026-04-28,4.2976,0.8343,4.1423,0.8037
dorsal striatum,basal ganglia,striatum,0,"((""dorsal striatum""[tiab])) AND (""2015""[PDAT] : ""2025""[PDAT])","((""dorsal striatum""[tiab])) AND (""2015""[PDAT] : ""2025""[PDAT])",1973,1973,https://eutils.ncbi.nlm.nih.gov/entrez/eutils/esearch.fcgi?db=pubmed&term=%28%28%22dorsal+striatum%22%5Btiab%5D%29%29+AND+%28%222015%22%5BPDAT%5D+%3A+%222025%22%5BPDAT%5D%29&retmode=json&rettype=count&tool=brain_region_prevalence&email=koerding%40gmail.com,https://eutils.ncbi.nlm.nih.gov/entrez/eutils/esearch.fcgi?db=pubmed&term=%28%28%22dorsal+striatum%22%5Btiab%5D%29%29+AND+%28%222015%22%5BPDAT%5D+%3A+%222025%22%5BPDAT%5D%29&retmode=json&rettype=count&tool=brain_region_prevalence&email=koerding%40gmail.com,2026-04-28,3.2953,0.5193,3.2953,0.5313
ventral striatum,basal ganglia,striatum,0,"((""ventral striatum""[tiab])) AND (""2015""[PDAT] : ""2025""[PDAT])","((""ventral striatum""[tiab])) AND (""2015""[PDAT] : ""2025""[PDAT])",2484,2484,https://eutils.ncbi.nlm.nih.gov/entrez/eutils/esearch.fcgi?db=pubmed&term=%28%28%22ventral+striatum%22%5Btiab%5D%29%29+AND+%28%222015%22%5BPDAT%5D+%3A+%222025%22%5BPDAT%5D%29&retmode=json&rettype=count&tool=brain_region_prevalence&email=koerding%40gmail.com,https://eutils.ncbi.nlm.nih.gov/entrez/eutils/esearch.fcgi?db=pubmed&term=%28%28%22ventral+striatum%22%5Btiab%5D%29%29+AND+%28%222015%22%5BPDAT%5D+%3A+%222025%22%5BPDAT%5D%29&retmode=json&rettype=count&tool=brain_region_prevalence&email=koerding%40gmail.com,2026-04-28,3.3953,0.5507,3.3953,0.5634
nucleus accumbens,basal ganglia,striatum,0,"((""nucleus accumbens""[tiab] OR (""NAc""[tiab] AND (accumbens[tiab] OR striat*[tiab] OR reward[tiab])))) AND (""2015""[PDAT] : ""2025""[PDAT])","((""nucleus accumbens""[tiab] OR (""NAc""[tiab] AND (accumbens[tiab] OR striat*[tiab] OR reward[tiab])))) AND (""2015""[PDAT] : ""2025""[PDAT])",9109,9109,https://eutils.ncbi.nlm.nih.gov/entrez/eutils/esearch.fcgi?db=pubmed&term=%28%28%22nucleus+accumbens%22%5Btiab%5D+OR+%28%22NAc%22%5Btiab%5D+AND+%28accumbens%5Btiab%5D+OR+striat%2A%5Btiab%5D+OR+reward%5Btiab%5D%29%29%29%29+AND+%28%222015%22%5BPDAT%5D+%3A+%222025%22%5BPDAT%5D%29&retmode=json&rettype=count&tool=brain_region_prevalence&email=koerding%40gmail.com,https://eutils.ncbi.nlm.nih.gov/entrez/eutils/esearch.fcgi?db=pubmed&term=%28%28%22nucleus+accumbens%22%5Btiab%5D+OR+%28%22NAc%22%5Btiab%5D+AND+%28accumbens%5Btiab%5D+OR+striat%2A%5Btiab%5D+OR+reward%5Btiab%5D%29%29%29%29+AND+%28%222015%22%5BPDAT%5D+%3A+%222025%22%5BPDAT%5D%29&retmode=json&rettype=count&tool=brain_region_prevalence&email=koerding%40gmail.com,2026-04-28,3.9595,0.728,3.9595,0.7449
caudate nucleus,basal ganglia,striatum,0,"((""caudate nucleus""[tiab])) AND (""2015""[PDAT] : ""2025""[PDAT])","((""caudate nucleus""[tiab])) AND (""2015""[PDAT] : ""2025""[PDAT])",2900,2900,https://eutils.ncbi.nlm.nih.gov/entrez/eutils/esearch.fcgi?db=pubmed&term=%28%28%22caudate+nucleus%22%5Btiab%5D%29%29+AND+%28%222015%22%5BPDAT%5D+%3A+%222025%22%5BPDAT%5D%29&retmode=json&rettype=count&tool=brain_region_prevalence&email=koerding%40gmail.com,https://eutils.ncbi.nlm.nih.gov/entrez/eutils/esearch.fcgi?db=pubmed&term=%28%28%22caudate+nucleus%22%5Btiab%5D%29%29+AND+%28%222015%22%5BPDAT%5D+%3A+%222025%22%5BPDAT%5D%29&retmode=json&rettype=count&tool=brain_region_prevalence&email=koerding%40gmail.com,2026-04-28,3.4625,0.5718,3.4625,0.585
putamen,basal ganglia,striatum,0,"((""putamen""[tiab])) AND (""2015""[PDAT] : ""2025""[PDAT])","((""putamen""[tiab])) AND (""2015""[PDAT] : ""2025""[PDAT])",7479,7479,https://eutils.ncbi.nlm.nih.gov/entrez/eutils/esearch.fcgi?db=pubmed&term=%28%28%22putamen%22%5Btiab%5D%29%29+AND+%28%222015%22%5BPDAT%5D+%3A+%222025%22%5BPDAT%5D%29&retmode=json&rettype=count&tool=brain_region_prevalence&email=koerding%40gmail.com,https://eutils.ncbi.nlm.nih.gov/entrez/eutils/esearch.fcgi?db=pubmed&term=%28%28%22putamen%22%5Btiab%5D%29%29+AND+%28%222015%22%5BPDAT%5D+%3A+%222025%22%5BPDAT%5D%29&retmode=json&rettype=count&tool=brain_region_prevalence&email=koerding%40gmail.com,2026-04-28,3.8739,0.7011,3.8739,0.7173
globus pallidus,basal ganglia,,0,"((""globus pallidus""[tiab] OR (""GPi""[tiab] AND (pallidus[tiab] OR pallidal[tiab])) OR (""GPe""[tiab] AND (pallidus[tiab] OR pallidal[tiab])))) AND (""2015""[PDAT] : ""2025""[PDAT])","((""globus pallidus""[tiab] OR (""GPi""[tiab] AND (pallidus[tiab] OR pallidal[tiab])) OR (""GPe""[tiab] AND (pallidus[tiab] OR pallidal[tiab])))) AND (""2015""[PDAT] : ""2025""[PDAT])",3705,3705,https://eutils.ncbi.nlm.nih.gov/entrez/eutils/esearch.fcgi?db=pubmed&term=%28%28%22globus+pallidus%22%5Btiab%5D+OR+%28%22GPi%22%5Btiab%5D+AND+%28pallidus%5Btiab%5D+OR+pallidal%5Btiab%5D%29%29+OR+%28%22GPe%22%5Btiab%5D+AND+%28pallidus%5Btiab%5D+OR+pallidal%5Btiab%5D%29%29%29%29+AND+%28%222015%22%5BPDAT%5D+%3A+%222025%22%5BPDAT%5D%29&retmode=json&rettype=count&tool=brain_region_prevalence&email=koerding%40gmail.com,https://eutils.ncbi.nlm.nih.gov/entrez/eutils/esearch.fcgi?db=pubmed&term=%28%28%22globus+pallidus%22%5Btiab%5D+OR+%28%22GPi%22%5Btiab%5D+AND+%28pallidus%5Btiab%5D+OR+pallidal%5Btiab%5D%29%29+OR+%28%22GPe%22%5Btiab%5D+AND+%28pallidus%5Btiab%5D+OR+pallidal%5Btiab%5D%29%29%29%29+AND+%28%222015%22%5BPDAT%5D+%3A+%222025%22%5BPDAT%5D%29&retmode=json&rettype=count&tool=brain_region_prevalence&email=koerding%40gmail.com,2026-04-28,3.5689,0.6052,3.5689,0.6192
ventral pallidum,basal ganglia,,0,"((""ventral pallidum""[tiab])) AND (""2015""[PDAT] : ""2025""[PDAT])","((""ventral pallidum""[tiab])) AND (""2015""[PDAT] : ""2025""[PDAT])",391,391,https://eutils.ncbi.nlm.nih.gov/entrez/eutils/esearch.fcgi?db=pubmed&term=%28%28%22ventral+pallidum%22%5Btiab%5D%29%29+AND+%28%222015%22%5BPDAT%5D+%3A+%222025%22%5BPDAT%5D%29&retmode=json&rettype=count&tool=brain_region_prevalence&email=koerding%40gmail.com,https://eutils.ncbi.nlm.nih.gov/entrez/eutils/esearch.fcgi?db=pubmed&term=%28%28%22ventral+pallidum%22%5Btiab%5D%29%29+AND+%28%222015%22%5BPDAT%5D+%3A+%222025%22%5BPDAT%5D%29&retmode=json&rettype=count&tool=brain_region_prevalence&email=koerding%40gmail.com,2026-04-28,2.5933,0.2986,2.5933,0.3055
subthalamic nucleus,basal ganglia,,0,"((""subthalamic nucleus""[tiab] OR (""STN""[tiab] AND (subthalamic[tiab] OR basal ganglia[tiab])))) AND (""2015""[PDAT] : ""2025""[PDAT])","((""subthalamic nucleus""[tiab] OR (""STN""[tiab] AND (subthalamic[tiab] OR basal ganglia[tiab])))) AND (""2015""[PDAT] : ""2025""[PDAT])",3912,3912,https://eutils.ncbi.nlm.nih.gov/entrez/eutils/esearch.fcgi?db=pubmed&term=%28%28%22subthalamic+nucleus%22%5Btiab%5D+OR+%28%22STN%22%5Btiab%5D+AND+%28subthalamic%5Btiab%5D+OR+basal+ganglia%5Btiab%5D%29%29%29%29+AND+%28%222015%22%5BPDAT%5D+%3A+%222025%22%5BPDAT%5D%29&retmode=json&rettype=count&tool=brain_region_prevalence&email=koerding%40gmail.com,https://eutils.ncbi.nlm.nih.gov/entrez/eutils/esearch.fcgi?db=pubmed&term=%28%28%22subthalamic+nucleus%22%5Btiab%5D+OR+%28%22STN%22%5Btiab%5D+AND+%28subthalamic%5Btiab%5D+OR+basal+ganglia%5Btiab%5D%29%29%29%29+AND+%28%222015%22%5BPDAT%5D+%3A+%222025%22%5BPDAT%5D%29&retmode=json&rettype=count&tool=brain_region_prevalence&email=koerding%40gmail.com,2026-04-28,3.5925,0.6127,3.5925,0.6268
thalamus,thalamus,,6,"((""thalamus""[tiab])) AND (""2015""[PDAT] : ""2025""[PDAT])","(((""thalamus""[tiab])) NOT ((""reticular thalamic nucleus""[tiab] OR ""thalamic reticular nucleus""[tiab] OR (""TRN""[tiab] AND (thalam*[tiab] OR reticular[tiab]))) OR (""medial geniculate nucleus""[tiab] OR (""MGN""[tiab] AND (geniculate[tiab] OR auditory[tiab] OR thalam*[tiab]))) OR (""lateral geniculate nucleus""[tiab] OR (""LGN""[tiab] AND (geniculate[tiab] OR visual[tiab] OR thalam*[tiab]))) OR (""pulvinar""[tiab]) OR (""anterior thalamic nuclei""[tiab] OR ""anterior thalamic nucleus""[tiab]) OR (""mediodorsal thalamus""[tiab] OR ""mediodorsal nucleus of the thalamus""[tiab] OR ""mediodorsal thalamic nucleus""[tiab]))) AND (""2015""[PDAT] : ""2025""[PDAT])",17757,16325,https://eutils.ncbi.nlm.nih.gov/entrez/eutils/esearch.fcgi?db=pubmed&term=%28%28%22thalamus%22%5Btiab%5D%29%29+AND+%28%222015%22%5BPDAT%5D+%3A+%222025%22%5BPDAT%5D%29&retmode=json&rettype=count&tool=brain_region_prevalence&email=koerding%40gmail.com,https://eutils.ncbi.nlm.nih.gov/entrez/eutils/esearch.fcgi?db=pubmed&term=%28%28%28%22thalamus%22%5Btiab%5D%29%29+NOT+%28%28%22reticular+thalamic+nucleus%22%5Btiab%5D+OR+%22thalamic+reticular+nucleus%22%5Btiab%5D+OR+%28%22TRN%22%5Btiab%5D+AND+%28thalam%2A%5Btiab%5D+OR+reticular%5Btiab%5D%29%29%29+OR+%28%22medial+geniculate+nucleus%22%5Btiab%5D+OR+%28%22MGN%22%5Btiab%5D+AND+%28geniculate%5Btiab%5D+OR+auditory%5Btiab%5D+OR+thalam%2A%5Btiab%5D%29%29%29+OR+%28%22lateral+geniculate+nucleus%22%5Btiab%5D+OR+%28%22LGN%22%5Btiab%5D+AND+%28geniculate%5Btiab%5D+OR+visual%5Btiab%5D+OR+thalam%2A%5Btiab%5D%29%29%29+OR+%28%22pulvinar%22%5Btiab%5D%29+OR+%28%22anterior+thalamic+nuclei%22%5Btiab%5D+OR+%22anterior+thalamic+nucleus%22%5Btiab%5D%29+OR+%28%22mediodorsal+thalamus%22%5Btiab%5D+OR+%22mediodorsal+nucleus+of+the+thalamus%22%5Btiab%5D+OR+%22mediodorsal+thalamic+nucleus%22%5Btiab%5D%29%29%29+AND+%28%222015%22%5BPDAT%5D+%3A+%222025%22%5BPDAT%5D%29&retmode=json&rettype=count&tool=brain_region_prevalence&email=koerding%40gmail.com,2026-04-28,4.2494,0.8192,4.2129,0.8264
mediodorsal thalamus,thalamus,thalamus,0,"((""mediodorsal thalamus""[tiab] OR ""mediodorsal nucleus of the thalamus""[tiab] OR ""mediodorsal thalamic nucleus""[tiab])) AND (""2015""[PDAT] : ""2025""[PDAT])","((""mediodorsal thalamus""[tiab] OR ""mediodorsal nucleus of the thalamus""[tiab] OR ""mediodorsal thalamic nucleus""[tiab])) AND (""2015""[PDAT] : ""2025""[PDAT])",396,396,https://eutils.ncbi.nlm.nih.gov/entrez/eutils/esearch.fcgi?db=pubmed&term=%28%28%22mediodorsal+thalamus%22%5Btiab%5D+OR+%22mediodorsal+nucleus+of+the+thalamus%22%5Btiab%5D+OR+%22mediodorsal+thalamic+nucleus%22%5Btiab%5D%29%29+AND+%28%222015%22%5BPDAT%5D+%3A+%222025%22%5BPDAT%5D%29&retmode=json&rettype=count&tool=brain_region_prevalence&email=koerding%40gmail.com,https://eutils.ncbi.nlm.nih.gov/entrez/eutils/esearch.fcgi?db=pubmed&term=%28%28%22mediodorsal+thalamus%22%5Btiab%5D+OR+%22mediodorsal+nucleus+of+the+thalamus%22%5Btiab%5D+OR+%22mediodorsal+thalamic+nucleus%22%5Btiab%5D%29%29+AND+%28%222015%22%5BPDAT%5D+%3A+%222025%22%5BPDAT%5D%29&retmode=json&rettype=count&tool=brain_region_prevalence&email=koerding%40gmail.com,2026-04-28,2.5988,0.3003,2.5988,0.3072
anterior thalamic nuclei,thalamus,thalamus,0,"((""anterior thalamic nuclei""[tiab] OR ""anterior thalamic nucleus""[tiab])) AND (""2015""[PDAT] : ""2025""[PDAT])","((""anterior thalamic nuclei""[tiab] OR ""anterior thalamic nucleus""[tiab])) AND (""2015""[PDAT] : ""2025""[PDAT])",266,266,https://eutils.ncbi.nlm.nih.gov/entrez/eutils/esearch.fcgi?db=pubmed&term=%28%28%22anterior+thalamic+nuclei%22%5Btiab%5D+OR+%22anterior+thalamic+nucleus%22%5Btiab%5D%29%29+AND+%28%222015%22%5BPDAT%5D+%3A+%222025%22%5BPDAT%5D%29&retmode=json&rettype=count&tool=brain_region_prevalence&email=koerding%40gmail.com,https://eutils.ncbi.nlm.nih.gov/entrez/eutils/esearch.fcgi?db=pubmed&term=%28%28%22anterior+thalamic+nuclei%22%5Btiab%5D+OR+%22anterior+thalamic+nucleus%22%5Btiab%5D%29%29+AND+%28%222015%22%5BPDAT%5D+%3A+%222025%22%5BPDAT%5D%29&retmode=json&rettype=count&tool=brain_region_prevalence&email=koerding%40gmail.com,2026-04-28,2.4265,0.2461,2.4265,0.2518
pulvinar,thalamus,thalamus,0,"((""pulvinar""[tiab])) AND (""2015""[PDAT] : ""2025""[PDAT])","((""pulvinar""[tiab])) AND (""2015""[PDAT] : ""2025""[PDAT])",845,845,https://eutils.ncbi.nlm.nih.gov/entrez/eutils/esearch.fcgi?db=pubmed&term=%28%28%22pulvinar%22%5Btiab%5D%29%29+AND+%28%222015%22%5BPDAT%5D+%3A+%222025%22%5BPDAT%5D%29&retmode=json&rettype=count&tool=brain_region_prevalence&email=koerding%40gmail.com,https://eutils.ncbi.nlm.nih.gov/entrez/eutils/esearch.fcgi?db=pubmed&term=%28%28%22pulvinar%22%5Btiab%5D%29%29+AND+%28%222015%22%5BPDAT%5D+%3A+%222025%22%5BPDAT%5D%29&retmode=json&rettype=count&tool=brain_region_prevalence&email=koerding%40gmail.com,2026-04-28,2.9274,0.4036,2.9274,0.4129
lateral geniculate nucleus,thalamus,thalamus,0,"((""lateral geniculate nucleus""[tiab] OR (""LGN""[tiab] AND (geniculate[tiab] OR visual[tiab] OR thalam*[tiab])))) AND (""2015""[PDAT] : ""2025""[PDAT])","((""lateral geniculate nucleus""[tiab] OR (""LGN""[tiab] AND (geniculate[tiab] OR visual[tiab] OR thalam*[tiab])))) AND (""2015""[PDAT] : ""2025""[PDAT])",1033,1033,https://eutils.ncbi.nlm.nih.gov/entrez/eutils/esearch.fcgi?db=pubmed&term=%28%28%22lateral+geniculate+nucleus%22%5Btiab%5D+OR+%28%22LGN%22%5Btiab%5D+AND+%28geniculate%5Btiab%5D+OR+visual%5Btiab%5D+OR+thalam%2A%5Btiab%5D%29%29%29%29+AND+%28%222015%22%5BPDAT%5D+%3A+%222025%22%5BPDAT%5D%29&retmode=json&rettype=count&tool=brain_region_prevalence&email=koerding%40gmail.com,https://eutils.ncbi.nlm.nih.gov/entrez/eutils/esearch.fcgi?db=pubmed&term=%28%28%22lateral+geniculate+nucleus%22%5Btiab%5D+OR+%28%22LGN%22%5Btiab%5D+AND+%28geniculate%5Btiab%5D+OR+visual%5Btiab%5D+OR+thalam%2A%5Btiab%5D%29%29%29%29+AND+%28%222015%22%5BPDAT%5D+%3A+%222025%22%5BPDAT%5D%29&retmode=json&rettype=count&tool=brain_region_prevalence&email=koerding%40gmail.com,2026-04-28,3.0145,0.431,3.0145,0.441
medial geniculate nucleus,thalamus,thalamus,0,"((""medial geniculate nucleus""[tiab] OR (""MGN""[tiab] AND (geniculate[tiab] OR auditory[tiab] OR thalam*[tiab])))) AND (""2015""[PDAT] : ""2025""[PDAT])","((""medial geniculate nucleus""[tiab] OR (""MGN""[tiab] AND (geniculate[tiab] OR auditory[tiab] OR thalam*[tiab])))) AND (""2015""[PDAT] : ""2025""[PDAT])",105,105,https://eutils.ncbi.nlm.nih.gov/entrez/eutils/esearch.fcgi?db=pubmed&term=%28%28%22medial+geniculate+nucleus%22%5Btiab%5D+OR+%28%22MGN%22%5Btiab%5D+AND+%28geniculate%5Btiab%5D+OR+auditory%5Btiab%5D+OR+thalam%2A%5Btiab%5D%29%29%29%29+AND+%28%222015%22%5BPDAT%5D+%3A+%222025%22%5BPDAT%5D%29&retmode=json&rettype=count&tool=brain_region_prevalence&email=koerding%40gmail.com,https://eutils.ncbi.nlm.nih.gov/entrez/eutils/esearch.fcgi?db=pubmed&term=%28%28%22medial+geniculate+nucleus%22%5Btiab%5D+OR+%28%22MGN%22%5Btiab%5D+AND+%28geniculate%5Btiab%5D+OR+auditory%5Btiab%5D+OR+thalam%2A%5Btiab%5D%29%29%29%29+AND+%28%222015%22%5BPDAT%5D+%3A+%222025%22%5BPDAT%5D%29&retmode=json&rettype=count&tool=brain_region_prevalence&email=koerding%40gmail.com,2026-04-28,2.0253,0.12,2.0253,0.1228
reticular thalamic nucleus,thalamus,thalamus,0,"((""reticular thalamic nucleus""[tiab] OR ""thalamic reticular nucleus""[tiab] OR (""TRN""[tiab] AND (thalam*[tiab] OR reticular[tiab])))) AND (""2015""[PDAT] : ""2025""[PDAT])","((""reticular thalamic nucleus""[tiab] OR ""thalamic reticular nucleus""[tiab] OR (""TRN""[tiab] AND (thalam*[tiab] OR reticular[tiab])))) AND (""2015""[PDAT] : ""2025""[PDAT])",429,429,https://eutils.ncbi.nlm.nih.gov/entrez/eutils/esearch.fcgi?db=pubmed&term=%28%28%22reticular+thalamic+nucleus%22%5Btiab%5D+OR+%22thalamic+reticular+nucleus%22%5Btiab%5D+OR+%28%22TRN%22%5Btiab%5D+AND+%28thalam%2A%5Btiab%5D+OR+reticular%5Btiab%5D%29%29%29%29+AND+%28%222015%22%5BPDAT%5D+%3A+%222025%22%5BPDAT%5D%29&retmode=json&rettype=count&tool=brain_region_prevalence&email=koerding%40gmail.com,https://eutils.ncbi.nlm.nih.gov/entrez/eutils/esearch.fcgi?db=pubmed&term=%28%28%22reticular+thalamic+nucleus%22%5Btiab%5D+OR+%22thalamic+reticular+nucleus%22%5Btiab%5D+OR+%28%22TRN%22%5Btiab%5D+AND+%28thalam%2A%5Btiab%5D+OR+reticular%5Btiab%5D%29%29%29%29+AND+%28%222015%22%5BPDAT%5D+%3A+%222025%22%5BPDAT%5D%29&retmode=json&rettype=count&tool=brain_region_prevalence&email=koerding%40gmail.com,2026-04-28,2.6335,0.3112,2.6335,0.3184
hypothalamus,hypothalamus,,4,"((""hypothalamus""[tiab])) AND (""2015""[PDAT] : ""2025""[PDAT])","(((""hypothalamus""[tiab])) NOT ((""mammillary bodies""[tiab] OR ""mammillary body""[tiab] OR ""mamillary bodies""[tiab]) OR (""suprachiasmatic nucleus""[tiab] OR (""SCN""[tiab] AND (circadian[tiab] OR suprachiasmatic[tiab]))) OR (""paraventricular nucleus""[tiab] OR (""PVN""[tiab] AND (hypothalam*[tiab] OR paraventricular[tiab]))) OR (""arcuate nucleus""[tiab]))) AND (""2015""[PDAT] : ""2025""[PDAT])",19588,16336,https://eutils.ncbi.nlm.nih.gov/entrez/eutils/esearch.fcgi?db=pubmed&term=%28%28%22hypothalamus%22%5Btiab%5D%29%29+AND+%28%222015%22%5BPDAT%5D+%3A+%222025%22%5BPDAT%5D%29&retmode=json&rettype=count&tool=brain_region_prevalence&email=koerding%40gmail.com,https://eutils.ncbi.nlm.nih.gov/entrez/eutils/esearch.fcgi?db=pubmed&term=%28%28%28%22hypothalamus%22%5Btiab%5D%29%29+NOT+%28%28%22mammillary+bodies%22%5Btiab%5D+OR+%22mammillary+body%22%5Btiab%5D+OR+%22mamillary+bodies%22%5Btiab%5D%29+OR+%28%22suprachiasmatic+nucleus%22%5Btiab%5D+OR+%28%22SCN%22%5Btiab%5D+AND+%28circadian%5Btiab%5D+OR+suprachiasmatic%5Btiab%5D%29%29%29+OR+%28%22paraventricular+nucleus%22%5Btiab%5D+OR+%28%22PVN%22%5Btiab%5D+AND+%28hypothalam%2A%5Btiab%5D+OR+paraventricular%5Btiab%5D%29%29%29+OR+%28%22arcuate+nucleus%22%5Btiab%5D%29%29%29+AND+%28%222015%22%5BPDAT%5D+%3A+%222025%22%5BPDAT%5D%29&retmode=json&rettype=count&tool=brain_region_prevalence&email=koerding%40gmail.com,2026-04-28,4.292,0.8325,4.2132,0.8265
arcuate nucleus,hypothalamus,hypothalamus,0,"((""arcuate nucleus""[tiab])) AND (""2015""[PDAT] : ""2025""[PDAT])","((""arcuate nucleus""[tiab])) AND (""2015""[PDAT] : ""2025""[PDAT])",1935,1935,https://eutils.ncbi.nlm.nih.gov/entrez/eutils/esearch.fcgi?db=pubmed&term=%28%28%22arcuate+nucleus%22%5Btiab%5D%29%29+AND+%28%222015%22%5BPDAT%5D+%3A+%222025%22%5BPDAT%5D%29&retmode=json&rettype=count&tool=brain_region_prevalence&email=koerding%40gmail.com,https://eutils.ncbi.nlm.nih.gov/entrez/eutils/esearch.fcgi?db=pubmed&term=%28%28%22arcuate+nucleus%22%5Btiab%5D%29%29+AND+%28%222015%22%5BPDAT%5D+%3A+%222025%22%5BPDAT%5D%29&retmode=json&rettype=count&tool=brain_region_prevalence&email=koerding%40gmail.com,2026-04-28,3.2869,0.5166,3.2869,0.5286
paraventricular nucleus,hypothalamus,hypothalamus,0,"((""paraventricular nucleus""[tiab] OR (""PVN""[tiab] AND (hypothalam*[tiab] OR paraventricular[tiab])))) AND (""2015""[PDAT] : ""2025""[PDAT])","((""paraventricular nucleus""[tiab] OR (""PVN""[tiab] AND (hypothalam*[tiab] OR paraventricular[tiab])))) AND (""2015""[PDAT] : ""2025""[PDAT])",2950,2950,https://eutils.ncbi.nlm.nih.gov/entrez/eutils/esearch.fcgi?db=pubmed&term=%28%28%22paraventricular+nucleus%22%5Btiab%5D+OR+%28%22PVN%22%5Btiab%5D+AND+%28hypothalam%2A%5Btiab%5D+OR+paraventricular%5Btiab%5D%29%29%29%29+AND+%28%222015%22%5BPDAT%5D+%3A+%222025%22%5BPDAT%5D%29&retmode=json&rettype=count&tool=brain_region_prevalence&email=koerding%40gmail.com,https://eutils.ncbi.nlm.nih.gov/entrez/eutils/esearch.fcgi?db=pubmed&term=%28%28%22paraventricular+nucleus%22%5Btiab%5D+OR+%28%22PVN%22%5Btiab%5D+AND+%28hypothalam%2A%5Btiab%5D+OR+paraventricular%5Btiab%5D%29%29%29%29+AND+%28%222015%22%5BPDAT%5D+%3A+%222025%22%5BPDAT%5D%29&retmode=json&rettype=count&tool=brain_region_prevalence&email=koerding%40gmail.com,2026-04-28,3.47,0.5741,3.47,0.5874
suprachiasmatic nucleus,hypothalamus,hypothalamus,0,"((""suprachiasmatic nucleus""[tiab] OR (""SCN""[tiab] AND (circadian[tiab] OR suprachiasmatic[tiab])))) AND (""2015""[PDAT] : ""2025""[PDAT])","((""suprachiasmatic nucleus""[tiab] OR (""SCN""[tiab] AND (circadian[tiab] OR suprachiasmatic[tiab])))) AND (""2015""[PDAT] : ""2025""[PDAT])",2115,2115,https://eutils.ncbi.nlm.nih.gov/entrez/eutils/esearch.fcgi?db=pubmed&term=%28%28%22suprachiasmatic+nucleus%22%5Btiab%5D+OR+%28%22SCN%22%5Btiab%5D+AND+%28circadian%5Btiab%5D+OR+suprachiasmatic%5Btiab%5D%29%29%29%29+AND+%28%222015%22%5BPDAT%5D+%3A+%222025%22%5BPDAT%5D%29&retmode=json&rettype=count&tool=brain_region_prevalence&email=koerding%40gmail.com,https://eutils.ncbi.nlm.nih.gov/entrez/eutils/esearch.fcgi?db=pubmed&term=%28%28%22suprachiasmatic+nucleus%22%5Btiab%5D+OR+%28%22SCN%22%5Btiab%5D+AND+%28circadian%5Btiab%5D+OR+suprachiasmatic%5Btiab%5D%29%29%29%29+AND+%28%222015%22%5BPDAT%5D+%3A+%222025%22%5BPDAT%5D%29&retmode=json&rettype=count&tool=brain_region_prevalence&email=koerding%40gmail.com,2026-04-28,3.3255,0.5287,3.3255,0.541
mammillary bodies,hypothalamus,hypothalamus,0,"((""mammillary bodies""[tiab] OR ""mammillary body""[tiab] OR ""mamillary bodies""[tiab])) AND (""2015""[PDAT] : ""2025""[PDAT])","((""mammillary bodies""[tiab] OR ""mammillary body""[tiab] OR ""mamillary bodies""[tiab])) AND (""2015""[PDAT] : ""2025""[PDAT])",344,344,https://eutils.ncbi.nlm.nih.gov/entrez/eutils/esearch.fcgi?db=pubmed&term=%28%28%22mammillary+bodies%22%5Btiab%5D+OR+%22mammillary+body%22%5Btiab%5D+OR+%22mamillary+bodies%22%5Btiab%5D%29%29+AND+%28%222015%22%5BPDAT%5D+%3A+%222025%22%5BPDAT%5D%29&retmode=json&rettype=count&tool=brain_region_prevalence&email=koerding%40gmail.com,https://eutils.ncbi.nlm.nih.gov/entrez/eutils/esearch.fcgi?db=pubmed&term=%28%28%22mammillary+bodies%22%5Btiab%5D+OR+%22mammillary+body%22%5Btiab%5D+OR+%22mamillary+bodies%22%5Btiab%5D%29%29+AND+%28%222015%22%5BPDAT%5D+%3A+%222025%22%5BPDAT%5D%29&retmode=json&rettype=count&tool=brain_region_prevalence&email=koerding%40gmail.com,2026-04-28,2.5378,0.2811,2.5378,0.2876
habenula,epithalamus,,0,"((""habenula""[tiab] OR ""habenular nuclei""[tiab])) AND (""2015""[PDAT] : ""2025""[PDAT])","((""habenula""[tiab] OR ""habenular nuclei""[tiab])) AND (""2015""[PDAT] : ""2025""[PDAT])",1384,1384,https://eutils.ncbi.nlm.nih.gov/entrez/eutils/esearch.fcgi?db=pubmed&term=%28%28%22habenula%22%5Btiab%5D+OR+%22habenular+nuclei%22%5Btiab%5D%29%29+AND+%28%222015%22%5BPDAT%5D+%3A+%222025%22%5BPDAT%5D%29&retmode=json&rettype=count&tool=brain_region_prevalence&email=koerding%40gmail.com,https://eutils.ncbi.nlm.nih.gov/entrez/eutils/esearch.fcgi?db=pubmed&term=%28%28%22habenula%22%5Btiab%5D+OR+%22habenular+nuclei%22%5Btiab%5D%29%29+AND+%28%222015%22%5BPDAT%5D+%3A+%222025%22%5BPDAT%5D%29&retmode=json&rettype=count&tool=brain_region_prevalence&email=koerding%40gmail.com,2026-04-28,3.1414,0.4709,3.1414,0.4818
pineal gland,epithalamus,,0,"((""pineal gland""[tiab])) AND (""2015""[PDAT] : ""2025""[PDAT])","((""pineal gland""[tiab])) AND (""2015""[PDAT] : ""2025""[PDAT])",1913,1913,https://eutils.ncbi.nlm.nih.gov/entrez/eutils/esearch.fcgi?db=pubmed&term=%28%28%22pineal+gland%22%5Btiab%5D%29%29+AND+%28%222015%22%5BPDAT%5D+%3A+%222025%22%5BPDAT%5D%29&retmode=json&rettype=count&tool=brain_region_prevalence&email=koerding%40gmail.com,https://eutils.ncbi.nlm.nih.gov/entrez/eutils/esearch.fcgi?db=pubmed&term=%28%28%22pineal+gland%22%5Btiab%5D%29%29+AND+%28%222015%22%5BPDAT%5D+%3A+%222025%22%5BPDAT%5D%29&retmode=json&rettype=count&tool=brain_region_prevalence&email=koerding%40gmail.com,2026-04-28,3.2819,0.515,3.2819,0.527
midbrain,midbrain,brainstem,7,"((""midbrain""[tiab] OR ""mesencephalon""[tiab])) AND (""2015""[PDAT] : ""2025""[PDAT])","(((""midbrain""[tiab] OR ""mesencephalon""[tiab])) NOT ((""interpeduncular nucleus""[tiab]) OR (""periaqueductal gray""[tiab] OR ""periaqueductal grey""[tiab] OR (""PAG""[tiab] AND (periaqueductal[tiab]))) OR (""red nucleus""[tiab] OR ""nucleus ruber""[tiab]) OR (""inferior colliculus""[tiab]) OR (""superior colliculus""[tiab] OR (""SC""[tiab] AND (colliculus[tiab] OR tectum[tiab]))) OR (""ventral tegmental area""[tiab] OR (""VTA""[tiab] AND (tegmental[tiab] OR midbrain[tiab] OR dopamin*[tiab] OR mesolimbic[tiab]))) OR (""substantia nigra""[tiab] OR (""SNc""[tiab] AND (nigra[tiab] OR dopamin*[tiab])) OR (""SNr""[tiab] AND (nigra[tiab] OR reticulata[tiab]))))) AND (""2015""[PDAT] : ""2025""[PDAT])",10049,7137,https://eutils.ncbi.nlm.nih.gov/entrez/eutils/esearch.fcgi?db=pubmed&term=%28%28%22midbrain%22%5Btiab%5D+OR+%22mesencephalon%22%5Btiab%5D%29%29+AND+%28%222015%22%5BPDAT%5D+%3A+%222025%22%5BPDAT%5D%29&retmode=json&rettype=count&tool=brain_region_prevalence&email=koerding%40gmail.com,https://eutils.ncbi.nlm.nih.gov/entrez/eutils/esearch.fcgi?db=pubmed&term=%28%28%28%22midbrain%22%5Btiab%5D+OR+%22mesencephalon%22%5Btiab%5D%29%29+NOT+%28%28%22interpeduncular+nucleus%22%5Btiab%5D%29+OR+%28%22periaqueductal+gray%22%5Btiab%5D+OR+%22periaqueductal+grey%22%5Btiab%5D+OR+%28%22PAG%22%5Btiab%5D+AND+%28periaqueductal%5Btiab%5D%29%29%29+OR+%28%22red+nucleus%22%5Btiab%5D+OR+%22nucleus+ruber%22%5Btiab%5D%29+OR+%28%22inferior+colliculus%22%5Btiab%5D%29+OR+%28%22superior+colliculus%22%5Btiab%5D+OR+%28%22SC%22%5Btiab%5D+AND+%28colliculus%5Btiab%5D+OR+tectum%5Btiab%5D%29%29%29+OR+%28%22ventral+tegmental+area%22%5Btiab%5D+OR+%28%22VTA%22%5Btiab%5D+AND+%28tegmental%5Btiab%5D+OR+midbrain%5Btiab%5D+OR+dopamin%2A%5Btiab%5D+OR+mesolimbic%5Btiab%5D%29%29%29+OR+%28%22substantia+nigra%22%5Btiab%5D+OR+%28%22SNc%22%5Btiab%5D+AND+%28nigra%5Btiab%5D+OR+dopamin%2A%5Btiab%5D%29%29+OR+%28%22SNr%22%5Btiab%5D+AND+%28nigra%5Btiab%5D+OR+reticulata%5Btiab%5D%29%29%29%29%29+AND+%28%222015%22%5BPDAT%5D+%3A+%222025%22%5BPDAT%5D%29&retmode=json&rettype=count&tool=brain_region_prevalence&email=koerding%40gmail.com,2026-04-28,4.0022,0.7414,3.8536,0.7108
substantia nigra,midbrain,midbrain,0,"((""substantia nigra""[tiab] OR (""SNc""[tiab] AND (nigra[tiab] OR dopamin*[tiab])) OR (""SNr""[tiab] AND (nigra[tiab] OR reticulata[tiab])))) AND (""2015""[PDAT] : ""2025""[PDAT])","((""substantia nigra""[tiab] OR (""SNc""[tiab] AND (nigra[tiab] OR dopamin*[tiab])) OR (""SNr""[tiab] AND (nigra[tiab] OR reticulata[tiab])))) AND (""2015""[PDAT] : ""2025""[PDAT])",9612,9612,https://eutils.ncbi.nlm.nih.gov/entrez/eutils/esearch.fcgi?db=pubmed&term=%28%28%22substantia+nigra%22%5Btiab%5D+OR+%28%22SNc%22%5Btiab%5D+AND+%28nigra%5Btiab%5D+OR+dopamin%2A%5Btiab%5D%29%29+OR+%28%22SNr%22%5Btiab%5D+AND+%28nigra%5Btiab%5D+OR+reticulata%5Btiab%5D%29%29%29%29+AND+%28%222015%22%5BPDAT%5D+%3A+%222025%22%5BPDAT%5D%29&retmode=json&rettype=count&tool=brain_region_prevalence&email=koerding%40gmail.com,https://eutils.ncbi.nlm.nih.gov/entrez/eutils/esearch.fcgi?db=pubmed&term=%28%28%22substantia+nigra%22%5Btiab%5D+OR+%28%22SNc%22%5Btiab%5D+AND+%28nigra%5Btiab%5D+OR+dopamin%2A%5Btiab%5D%29%29+OR+%28%22SNr%22%5Btiab%5D+AND+%28nigra%5Btiab%5D+OR+reticulata%5Btiab%5D%29%29%29%29+AND+%28%222015%22%5BPDAT%5D+%3A+%222025%22%5BPDAT%5D%29&retmode=json&rettype=count&tool=brain_region_prevalence&email=koerding%40gmail.com,2026-04-28,3.9829,0.7354,3.9829,0.7524
ventral tegmental area,midbrain,midbrain,0,"((""ventral tegmental area""[tiab] OR (""VTA""[tiab] AND (tegmental[tiab] OR midbrain[tiab] OR dopamin*[tiab] OR mesolimbic[tiab])))) AND (""2015""[PDAT] : ""2025""[PDAT])","((""ventral tegmental area""[tiab] OR (""VTA""[tiab] AND (tegmental[tiab] OR midbrain[tiab] OR dopamin*[tiab] OR mesolimbic[tiab])))) AND (""2015""[PDAT] : ""2025""[PDAT])",4380,4380,https://eutils.ncbi.nlm.nih.gov/entrez/eutils/esearch.fcgi?db=pubmed&term=%28%28%22ventral+tegmental+area%22%5Btiab%5D+OR+%28%22VTA%22%5Btiab%5D+AND+%28tegmental%5Btiab%5D+OR+midbrain%5Btiab%5D+OR+dopamin%2A%5Btiab%5D+OR+mesolimbic%5Btiab%5D%29%29%29%29+AND+%28%222015%22%5BPDAT%5D+%3A+%222025%22%5BPDAT%5D%29&retmode=json&rettype=count&tool=brain_region_prevalence&email=koerding%40gmail.com,https://eutils.ncbi.nlm.nih.gov/entrez/eutils/esearch.fcgi?db=pubmed&term=%28%28%22ventral+tegmental+area%22%5Btiab%5D+OR+%28%22VTA%22%5Btiab%5D+AND+%28tegmental%5Btiab%5D+OR+midbrain%5Btiab%5D+OR+dopamin%2A%5Btiab%5D+OR+mesolimbic%5Btiab%5D%29%29%29%29+AND+%28%222015%22%5BPDAT%5D+%3A+%222025%22%5BPDAT%5D%29&retmode=json&rettype=count&tool=brain_region_prevalence&email=koerding%40gmail.com,2026-04-28,3.6416,0.6281,3.6416,0.6426
superior colliculus,midbrain,midbrain,0,"((""superior colliculus""[tiab] OR (""SC""[tiab] AND (colliculus[tiab] OR tectum[tiab])))) AND (""2015""[PDAT] : ""2025""[PDAT])","((""superior colliculus""[tiab] OR (""SC""[tiab] AND (colliculus[tiab] OR tectum[tiab])))) AND (""2015""[PDAT] : ""2025""[PDAT])",1445,1445,https://eutils.ncbi.nlm.nih.gov/entrez/eutils/esearch.fcgi?db=pubmed&term=%28%28%22superior+colliculus%22%5Btiab%5D+OR+%28%22SC%22%5Btiab%5D+AND+%28colliculus%5Btiab%5D+OR+tectum%5Btiab%5D%29%29%29%29+AND+%28%222015%22%5BPDAT%5D+%3A+%222025%22%5BPDAT%5D%29&retmode=json&rettype=count&tool=brain_region_prevalence&email=koerding%40gmail.com,https://eutils.ncbi.nlm.nih.gov/entrez/eutils/esearch.fcgi?db=pubmed&term=%28%28%22superior+colliculus%22%5Btiab%5D+OR+%28%22SC%22%5Btiab%5D+AND+%28colliculus%5Btiab%5D+OR+tectum%5Btiab%5D%29%29%29%29+AND+%28%222015%22%5BPDAT%5D+%3A+%222025%22%5BPDAT%5D%29&retmode=json&rettype=count&tool=brain_region_prevalence&email=koerding%40gmail.com,2026-04-28,3.1602,0.4768,3.1602,0.4878
inferior colliculus,midbrain,midbrain,0,"((""inferior colliculus""[tiab])) AND (""2015""[PDAT] : ""2025""[PDAT])","((""inferior colliculus""[tiab])) AND (""2015""[PDAT] : ""2025""[PDAT])",1060,1060,https://eutils.ncbi.nlm.nih.gov/entrez/eutils/esearch.fcgi?db=pubmed&term=%28%28%22inferior+colliculus%22%5Btiab%5D%29%29+AND+%28%222015%22%5BPDAT%5D+%3A+%222025%22%5BPDAT%5D%29&retmode=json&rettype=count&tool=brain_region_prevalence&email=koerding%40gmail.com,https://eutils.ncbi.nlm.nih.gov/entrez/eutils/esearch.fcgi?db=pubmed&term=%28%28%22inferior+colliculus%22%5Btiab%5D%29%29+AND+%28%222015%22%5BPDAT%5D+%3A+%222025%22%5BPDAT%5D%29&retmode=json&rettype=count&tool=brain_region_prevalence&email=koerding%40gmail.com,2026-04-28,3.0257,0.4345,3.0257,0.4446
red nucleus,midbrain,midbrain,0,"((""red nucleus""[tiab] OR ""nucleus ruber""[tiab])) AND (""2015""[PDAT] : ""2025""[PDAT])","((""red nucleus""[tiab] OR ""nucleus ruber""[tiab])) AND (""2015""[PDAT] : ""2025""[PDAT])",580,580,https://eutils.ncbi.nlm.nih.gov/entrez/eutils/esearch.fcgi?db=pubmed&term=%28%28%22red+nucleus%22%5Btiab%5D+OR+%22nucleus+ruber%22%5Btiab%5D%29%29+AND+%28%222015%22%5BPDAT%5D+%3A+%222025%22%5BPDAT%5D%29&retmode=json&rettype=count&tool=brain_region_prevalence&email=koerding%40gmail.com,https://eutils.ncbi.nlm.nih.gov/entrez/eutils/esearch.fcgi?db=pubmed&term=%28%28%22red+nucleus%22%5Btiab%5D+OR+%22nucleus+ruber%22%5Btiab%5D%29%29+AND+%28%222015%22%5BPDAT%5D+%3A+%222025%22%5BPDAT%5D%29&retmode=json&rettype=count&tool=brain_region_prevalence&email=koerding%40gmail.com,2026-04-28,2.7642,0.3523,2.7642,0.3604
periaqueductal gray,midbrain,midbrain,0,"((""periaqueductal gray""[tiab] OR ""periaqueductal grey""[tiab] OR (""PAG""[tiab] AND (periaqueductal[tiab])))) AND (""2015""[PDAT] : ""2025""[PDAT])","((""periaqueductal gray""[tiab] OR ""periaqueductal grey""[tiab] OR (""PAG""[tiab] AND (periaqueductal[tiab])))) AND (""2015""[PDAT] : ""2025""[PDAT])",2099,2099,https://eutils.ncbi.nlm.nih.gov/entrez/eutils/esearch.fcgi?db=pubmed&term=%28%28%22periaqueductal+gray%22%5Btiab%5D+OR+%22periaqueductal+grey%22%5Btiab%5D+OR+%28%22PAG%22%5Btiab%5D+AND+%28periaqueductal%5Btiab%5D%29%29%29%29+AND+%28%222015%22%5BPDAT%5D+%3A+%222025%22%5BPDAT%5D%29&retmode=json&rettype=count&tool=brain_region_prevalence&email=koerding%40gmail.com,https://eutils.ncbi.nlm.nih.gov/entrez/eutils/esearch.fcgi?db=pubmed&term=%28%28%22periaqueductal+gray%22%5Btiab%5D+OR+%22periaqueductal+grey%22%5Btiab%5D+OR+%28%22PAG%22%5Btiab%5D+AND+%28periaqueductal%5Btiab%5D%29%29%29%29+AND+%28%222015%22%5BPDAT%5D+%3A+%222025%22%5BPDAT%5D%29&retmode=json&rettype=count&tool=brain_region_prevalence&email=koerding%40gmail.com,2026-04-28,3.3222,0.5277,3.3222,0.5399
interpeduncular nucleus,midbrain,midbrain,0,"((""interpeduncular nucleus""[tiab])) AND (""2015""[PDAT] : ""2025""[PDAT])","((""interpeduncular nucleus""[tiab])) AND (""2015""[PDAT] : ""2025""[PDAT])",170,170,https://eutils.ncbi.nlm.nih.gov/entrez/eutils/esearch.fcgi?db=pubmed&term=%28%28%22interpeduncular+nucleus%22%5Btiab%5D%29%29+AND+%28%222015%22%5BPDAT%5D+%3A+%222025%22%5BPDAT%5D%29&retmode=json&rettype=count&tool=brain_region_prevalence&email=koerding%40gmail.com,https://eutils.ncbi.nlm.nih.gov/entrez/eutils/esearch.fcgi?db=pubmed&term=%28%28%22interpeduncular+nucleus%22%5Btiab%5D%29%29+AND+%28%222015%22%5BPDAT%5D+%3A+%222025%22%5BPDAT%5D%29&retmode=json&rettype=count&tool=brain_region_prevalence&email=koerding%40gmail.com,2026-04-28,2.233,0.1853,2.233,0.1896
brainstem,brainstem,,17,"((""brainstem""[tiab] OR ""brain stem""[tiab])) AND (""2015""[PDAT] : ""2025""[PDAT])","(((""brainstem""[tiab] OR ""brain stem""[tiab])) NOT ((""locus coeruleus""[tiab] OR ""locus ceruleus""[tiab]) OR (""raphe nuclei""[tiab] OR ""raphe nucleus""[tiab]) OR (""dorsal raphe nucleus""[tiab] OR ""dorsal raphe""[tiab]) OR (""parabrachial nucleus""[tiab]) OR (""medulla oblongata""[tiab]) OR (""area postrema""[tiab]) OR (""nucleus tractus solitarius""[tiab] OR ""nucleus of the solitary tract""[tiab] OR (""NTS""[tiab] AND (solitar*[tiab] OR brainstem[tiab]))) OR (""pons""[tiab]) OR (""pontine nuclei""[tiab] OR ""pontine nucleus""[tiab]) OR (""midbrain""[tiab] OR ""mesencephalon""[tiab]) OR (""interpeduncular nucleus""[tiab]) OR (""periaqueductal gray""[tiab] OR ""periaqueductal grey""[tiab] OR (""PAG""[tiab] AND (periaqueductal[tiab]))) OR (""red nucleus""[tiab] OR ""nucleus ruber""[tiab]) OR (""inferior colliculus""[tiab]) OR (""superior colliculus""[tiab] OR (""SC""[tiab] AND (colliculus[tiab] OR tectum[tiab]))) OR (""ventral tegmental area""[tiab] OR (""VTA""[tiab] AND (tegmental[tiab] OR midbrain[tiab] OR dopamin*[tiab] OR mesolimbic[tiab]))) OR (""substantia nigra""[tiab] OR (""SNc""[tiab] AND (nigra[tiab] OR dopamin*[tiab])) OR (""SNr""[tiab] AND (nigra[tiab] OR reticulata[tiab]))))) AND (""2015""[PDAT] : ""2025""[PDAT])",25661,21374,https://eutils.ncbi.nlm.nih.gov/entrez/eutils/esearch.fcgi?db=pubmed&term=%28%28%22brainstem%22%5Btiab%5D+OR+%22brain+stem%22%5Btiab%5D%29%29+AND+%28%222015%22%5BPDAT%5D+%3A+%222025%22%5BPDAT%5D%29&retmode=json&rettype=count&tool=brain_region_prevalence&email=koerding%40gmail.com,https://eutils.ncbi.nlm.nih.gov/entrez/eutils/esearch.fcgi?db=pubmed&term=%28%28%28%22brainstem%22%5Btiab%5D+OR+%22brain+stem%22%5Btiab%5D%29%29+NOT+%28%28%22locus+coeruleus%22%5Btiab%5D+OR+%22locus+ceruleus%22%5Btiab%5D%29+OR+%28%22raphe+nuclei%22%5Btiab%5D+OR+%22raphe+nucleus%22%5Btiab%5D%29+OR+%28%22dorsal+raphe+nucleus%22%5Btiab%5D+OR+%22dorsal+raphe%22%5Btiab%5D%29+OR+%28%22parabrachial+nucleus%22%5Btiab%5D%29+OR+%28%22medulla+oblongata%22%5Btiab%5D%29+OR+%28%22area+postrema%22%5Btiab%5D%29+OR+%28%22nucleus+tractus+solitarius%22%5Btiab%5D+OR+%22nucleus+of+the+solitary+tract%22%5Btiab%5D+OR+%28%22NTS%22%5Btiab%5D+AND+%28solitar%2A%5Btiab%5D+OR+brainstem%5Btiab%5D%29%29%29+OR+%28%22pons%22%5Btiab%5D%29+OR+%28%22pontine+nuclei%22%5Btiab%5D+OR+%22pontine+nucleus%22%5Btiab%5D%29+OR+%28%22midbrain%22%5Btiab%5D+OR+%22mesencephalon%22%5Btiab%5D%29+OR+%28%22interpeduncular+nucleus%22%5Btiab%5D%29+OR+%28%22periaqueductal+gray%22%5Btiab%5D+OR+%22periaqueductal+grey%22%5Btiab%5D+OR+%28%22PAG%22%5Btiab%5D+AND+%28periaqueductal%5Btiab%5D%29%29%29+OR+%28%22red+nucleus%22%5Btiab%5D+OR+%22nucleus+ruber%22%5Btiab%5D%29+OR+%28%22inferior+colliculus%22%5Btiab%5D%29+OR+%28%22superior+colliculus%22%5Btiab%5D+OR+%28%22SC%22%5Btiab%5D+AND+%28colliculus%5Btiab%5D+OR+tectum%5Btiab%5D%29%29%29+OR+%28%22ventral+tegmental+area%22%5Btiab%5D+OR+%28%22VTA%22%5Btiab%5D+AND+%28tegmental%5Btiab%5D+OR+midbrain%5Btiab%5D+OR+dopamin%2A%5Btiab%5D+OR+mesolimbic%5Btiab%5D%29%29%29+OR+%28%22substantia+nigra%22%5Btiab%5D+OR+%28%22SNc%22%5Btiab%5D+AND+%28nigra%5Btiab%5D+OR+dopamin%2A%5Btiab%5D%29%29+OR+%28%22SNr%22%5Btiab%5D+AND+%28nigra%5Btiab%5D+OR+reticulata%5Btiab%5D%29%29%29%29%29+AND+%28%222015%22%5BPDAT%5D+%3A+%222025%22%5BPDAT%5D%29&retmode=json&rettype=count&tool=brain_region_prevalence&email=koerding%40gmail.com,2026-04-28,4.4093,0.8694,4.3299,0.864
pons,brainstem,brainstem,1,"((""pons""[tiab])) AND (""2015""[PDAT] : ""2025""[PDAT])","(((""pons""[tiab])) NOT ((""pontine nuclei""[tiab] OR ""pontine nucleus""[tiab]))) AND (""2015""[PDAT] : ""2025""[PDAT])",3619,3591,https://eutils.ncbi.nlm.nih.gov/entrez/eutils/esearch.fcgi?db=pubmed&term=%28%28%22pons%22%5Btiab%5D%29%29+AND+%28%222015%22%5BPDAT%5D+%3A+%222025%22%5BPDAT%5D%29&retmode=json&rettype=count&tool=brain_region_prevalence&email=koerding%40gmail.com,https://eutils.ncbi.nlm.nih.gov/entrez/eutils/esearch.fcgi?db=pubmed&term=%28%28%28%22pons%22%5Btiab%5D%29%29+NOT+%28%28%22pontine+nuclei%22%5Btiab%5D+OR+%22pontine+nucleus%22%5Btiab%5D%29%29%29+AND+%28%222015%22%5BPDAT%5D+%3A+%222025%22%5BPDAT%5D%29&retmode=json&rettype=count&tool=brain_region_prevalence&email=koerding%40gmail.com,2026-04-28,3.5587,0.602,3.5553,0.6149
pontine nuclei,brainstem,pons,0,"((""pontine nuclei""[tiab] OR ""pontine nucleus""[tiab])) AND (""2015""[PDAT] : ""2025""[PDAT])","((""pontine nuclei""[tiab] OR ""pontine nucleus""[tiab])) AND (""2015""[PDAT] : ""2025""[PDAT])",173,173,https://eutils.ncbi.nlm.nih.gov/entrez/eutils/esearch.fcgi?db=pubmed&term=%28%28%22pontine+nuclei%22%5Btiab%5D+OR+%22pontine+nucleus%22%5Btiab%5D%29%29+AND+%28%222015%22%5BPDAT%5D+%3A+%222025%22%5BPDAT%5D%29&retmode=json&rettype=count&tool=brain_region_prevalence&email=koerding%40gmail.com,https://eutils.ncbi.nlm.nih.gov/entrez/eutils/esearch.fcgi?db=pubmed&term=%28%28%22pontine+nuclei%22%5Btiab%5D+OR+%22pontine+nucleus%22%5Btiab%5D%29%29+AND+%28%222015%22%5BPDAT%5D+%3A+%222025%22%5BPDAT%5D%29&retmode=json&rettype=count&tool=brain_region_prevalence&email=koerding%40gmail.com,2026-04-28,2.2405,0.1877,2.2405,0.192
medulla oblongata,brainstem,brainstem,2,"((""medulla oblongata""[tiab])) AND (""2015""[PDAT] : ""2025""[PDAT])","(((""medulla oblongata""[tiab])) NOT ((""area postrema""[tiab]) OR (""nucleus tractus solitarius""[tiab] OR ""nucleus of the solitary tract""[tiab] OR (""NTS""[tiab] AND (solitar*[tiab] OR brainstem[tiab]))))) AND (""2015""[PDAT] : ""2025""[PDAT])",1329,1240,https://eutils.ncbi.nlm.nih.gov/entrez/eutils/esearch.fcgi?db=pubmed&term=%28%28%22medulla+oblongata%22%5Btiab%5D%29%29+AND+%28%222015%22%5BPDAT%5D+%3A+%222025%22%5BPDAT%5D%29&retmode=json&rettype=count&tool=brain_region_prevalence&email=koerding%40gmail.com,https://eutils.ncbi.nlm.nih.gov/entrez/eutils/esearch.fcgi?db=pubmed&term=%28%28%28%22medulla+oblongata%22%5Btiab%5D%29%29+NOT+%28%28%22area+postrema%22%5Btiab%5D%29+OR+%28%22nucleus+tractus+solitarius%22%5Btiab%5D+OR+%22nucleus+of+the+solitary+tract%22%5Btiab%5D+OR+%28%22NTS%22%5Btiab%5D+AND+%28solitar%2A%5Btiab%5D+OR+brainstem%5Btiab%5D%29%29%29%29%29+AND+%28%222015%22%5BPDAT%5D+%3A+%222025%22%5BPDAT%5D%29&retmode=json&rettype=count&tool=brain_region_prevalence&email=koerding%40gmail.com,2026-04-28,3.1239,0.4653,3.0938,0.4664
nucleus tractus solitarius,brainstem,medulla oblongata,0,"((""nucleus tractus solitarius""[tiab] OR ""nucleus of the solitary tract""[tiab] OR (""NTS""[tiab] AND (solitar*[tiab] OR brainstem[tiab])))) AND (""2015""[PDAT] : ""2025""[PDAT])","((""nucleus tractus solitarius""[tiab] OR ""nucleus of the solitary tract""[tiab] OR (""NTS""[tiab] AND (solitar*[tiab] OR brainstem[tiab])))) AND (""2015""[PDAT] : ""2025""[PDAT])",1399,1399,https://eutils.ncbi.nlm.nih.gov/entrez/eutils/esearch.fcgi?db=pubmed&term=%28%28%22nucleus+tractus+solitarius%22%5Btiab%5D+OR+%22nucleus+of+the+solitary+tract%22%5Btiab%5D+OR+%28%22NTS%22%5Btiab%5D+AND+%28solitar%2A%5Btiab%5D+OR+brainstem%5Btiab%5D%29%29%29%29+AND+%28%222015%22%5BPDAT%5D+%3A+%222025%22%5BPDAT%5D%29&retmode=json&rettype=count&tool=brain_region_prevalence&email=koerding%40gmail.com,https://eutils.ncbi.nlm.nih.gov/entrez/eutils/esearch.fcgi?db=pubmed&term=%28%28%22nucleus+tractus+solitarius%22%5Btiab%5D+OR+%22nucleus+of+the+solitary+tract%22%5Btiab%5D+OR+%28%22NTS%22%5Btiab%5D+AND+%28solitar%2A%5Btiab%5D+OR+brainstem%5Btiab%5D%29%29%29%29+AND+%28%222015%22%5BPDAT%5D+%3A+%222025%22%5BPDAT%5D%29&retmode=json&rettype=count&tool=brain_region_prevalence&email=koerding%40gmail.com,2026-04-28,3.1461,0.4724,3.1461,0.4833
area postrema,brainstem,medulla oblongata,0,"((""area postrema""[tiab])) AND (""2015""[PDAT] : ""2025""[PDAT])","((""area postrema""[tiab])) AND (""2015""[PDAT] : ""2025""[PDAT])",578,578,https://eutils.ncbi.nlm.nih.gov/entrez/eutils/esearch.fcgi?db=pubmed&term=%28%28%22area+postrema%22%5Btiab%5D%29%29+AND+%28%222015%22%5BPDAT%5D+%3A+%222025%22%5BPDAT%5D%29&retmode=json&rettype=count&tool=brain_region_prevalence&email=koerding%40gmail.com,https://eutils.ncbi.nlm.nih.gov/entrez/eutils/esearch.fcgi?db=pubmed&term=%28%28%22area+postrema%22%5Btiab%5D%29%29+AND+%28%222015%22%5BPDAT%5D+%3A+%222025%22%5BPDAT%5D%29&retmode=json&rettype=count&tool=brain_region_prevalence&email=koerding%40gmail.com,2026-04-28,2.7627,0.3518,2.7627,0.36
parabrachial nucleus,brainstem,brainstem,0,"((""parabrachial nucleus""[tiab])) AND (""2015""[PDAT] : ""2025""[PDAT])","((""parabrachial nucleus""[tiab])) AND (""2015""[PDAT] : ""2025""[PDAT])",618,618,https://eutils.ncbi.nlm.nih.gov/entrez/eutils/esearch.fcgi?db=pubmed&term=%28%28%22parabrachial+nucleus%22%5Btiab%5D%29%29+AND+%28%222015%22%5BPDAT%5D+%3A+%222025%22%5BPDAT%5D%29&retmode=json&rettype=count&tool=brain_region_prevalence&email=koerding%40gmail.com,https://eutils.ncbi.nlm.nih.gov/entrez/eutils/esearch.fcgi?db=pubmed&term=%28%28%22parabrachial+nucleus%22%5Btiab%5D%29%29+AND+%28%222015%22%5BPDAT%5D+%3A+%222025%22%5BPDAT%5D%29&retmode=json&rettype=count&tool=brain_region_prevalence&email=koerding%40gmail.com,2026-04-28,2.7917,0.3609,2.7917,0.3693
raphe nuclei,brainstem,brainstem,1,"((""raphe nuclei""[tiab] OR ""raphe nucleus""[tiab])) AND (""2015""[PDAT] : ""2025""[PDAT])","(((""raphe nuclei""[tiab] OR ""raphe nucleus""[tiab])) NOT ((""dorsal raphe nucleus""[tiab] OR ""dorsal raphe""[tiab]))) AND (""2015""[PDAT] : ""2025""[PDAT])",1729,619,https://eutils.ncbi.nlm.nih.gov/entrez/eutils/esearch.fcgi?db=pubmed&term=%28%28%22raphe+nuclei%22%5Btiab%5D+OR+%22raphe+nucleus%22%5Btiab%5D%29%29+AND+%28%222015%22%5BPDAT%5D+%3A+%222025%22%5BPDAT%5D%29&retmode=json&rettype=count&tool=brain_region_prevalence&email=koerding%40gmail.com,https://eutils.ncbi.nlm.nih.gov/entrez/eutils/esearch.fcgi?db=pubmed&term=%28%28%28%22raphe+nuclei%22%5Btiab%5D+OR+%22raphe+nucleus%22%5Btiab%5D%29%29+NOT+%28%28%22dorsal+raphe+nucleus%22%5Btiab%5D+OR+%22dorsal+raphe%22%5Btiab%5D%29%29%29+AND+%28%222015%22%5BPDAT%5D+%3A+%222025%22%5BPDAT%5D%29&retmode=json&rettype=count&tool=brain_region_prevalence&email=koerding%40gmail.com,2026-04-28,3.238,0.5012,2.7924,0.3695
dorsal raphe nucleus,brainstem,raphe nuclei,0,"((""dorsal raphe nucleus""[tiab] OR ""dorsal raphe""[tiab])) AND (""2015""[PDAT] : ""2025""[PDAT])","((""dorsal raphe nucleus""[tiab] OR ""dorsal raphe""[tiab])) AND (""2015""[PDAT] : ""2025""[PDAT])",1503,1503,https://eutils.ncbi.nlm.nih.gov/entrez/eutils/esearch.fcgi?db=pubmed&term=%28%28%22dorsal+raphe+nucleus%22%5Btiab%5D+OR+%22dorsal+raphe%22%5Btiab%5D%29%29+AND+%28%222015%22%5BPDAT%5D+%3A+%222025%22%5BPDAT%5D%29&retmode=json&rettype=count&tool=brain_region_prevalence&email=koerding%40gmail.com,https://eutils.ncbi.nlm.nih.gov/entrez/eutils/esearch.fcgi?db=pubmed&term=%28%28%22dorsal+raphe+nucleus%22%5Btiab%5D+OR+%22dorsal+raphe%22%5Btiab%5D%29%29+AND+%28%222015%22%5BPDAT%5D+%3A+%222025%22%5BPDAT%5D%29&retmode=json&rettype=count&tool=brain_region_prevalence&email=koerding%40gmail.com,2026-04-28,3.1772,0.4821,3.1772,0.4933
locus coeruleus,brainstem,brainstem,0,"((""locus coeruleus""[tiab] OR ""locus ceruleus""[tiab])) AND (""2015""[PDAT] : ""2025""[PDAT])","((""locus coeruleus""[tiab] OR ""locus ceruleus""[tiab])) AND (""2015""[PDAT] : ""2025""[PDAT])",2997,2997,https://eutils.ncbi.nlm.nih.gov/entrez/eutils/esearch.fcgi?db=pubmed&term=%28%28%22locus+coeruleus%22%5Btiab%5D+OR+%22locus+ceruleus%22%5Btiab%5D%29%29+AND+%28%222015%22%5BPDAT%5D+%3A+%222025%22%5BPDAT%5D%29&retmode=json&rettype=count&tool=brain_region_prevalence&email=koerding%40gmail.com,https://eutils.ncbi.nlm.nih.gov/entrez/eutils/esearch.fcgi?db=pubmed&term=%28%28%22locus+coeruleus%22%5Btiab%5D+OR+%22locus+ceruleus%22%5Btiab%5D%29%29+AND+%28%222015%22%5BPDAT%5D+%3A+%222025%22%5BPDAT%5D%29&retmode=json&rettype=count&tool=brain_region_prevalence&email=koerding%40gmail.com,2026-04-28,3.4768,0.5763,3.4768,0.5896
cerebellum,cerebellum,,7,"((""cerebellum""[tiab])) AND (""2015""[PDAT] : ""2025""[PDAT])","(((""cerebellum""[tiab])) NOT ((""flocculus""[tiab]) OR (""cerebellar nuclei""[tiab] OR ""deep cerebellar nuclei""[tiab]) OR (""interposed nucleus""[tiab] OR ""nucleus interpositus""[tiab]) OR (""fastigial nucleus""[tiab]) OR (""cerebellar dentate nucleus""[tiab] OR ""dentate nucleus of the cerebellum""[tiab]) OR (""cerebellar vermis""[tiab]) OR (""cerebellar cortex""[tiab]))) AND (""2015""[PDAT] : ""2025""[PDAT])",23511,21799,https://eutils.ncbi.nlm.nih.gov/entrez/eutils/esearch.fcgi?db=pubmed&term=%28%28%22cerebellum%22%5Btiab%5D%29%29+AND+%28%222015%22%5BPDAT%5D+%3A+%222025%22%5BPDAT%5D%29&retmode=json&rettype=count&tool=brain_region_prevalence&email=koerding%40gmail.com,https://eutils.ncbi.nlm.nih.gov/entrez/eutils/esearch.fcgi?db=pubmed&term=%28%28%28%22cerebellum%22%5Btiab%5D%29%29+NOT+%28%28%22flocculus%22%5Btiab%5D%29+OR+%28%22cerebellar+nuclei%22%5Btiab%5D+OR+%22deep+cerebellar+nuclei%22%5Btiab%5D%29+OR+%28%22interposed+nucleus%22%5Btiab%5D+OR+%22nucleus+interpositus%22%5Btiab%5D%29+OR+%28%22fastigial+nucleus%22%5Btiab%5D%29+OR+%28%22cerebellar+dentate+nucleus%22%5Btiab%5D+OR+%22dentate+nucleus+of+the+cerebellum%22%5Btiab%5D%29+OR+%28%22cerebellar+vermis%22%5Btiab%5D%29+OR+%28%22cerebellar+cortex%22%5Btiab%5D%29%29%29+AND+%28%222015%22%5BPDAT%5D+%3A+%222025%22%5BPDAT%5D%29&retmode=json&rettype=count&tool=brain_region_prevalence&email=koerding%40gmail.com,2026-04-28,4.3713,0.8575,4.3385,0.8667
cerebellar cortex,cerebellum,cerebellum,0,"((""cerebellar cortex""[tiab])) AND (""2015""[PDAT] : ""2025""[PDAT])","((""cerebellar cortex""[tiab])) AND (""2015""[PDAT] : ""2025""[PDAT])",1492,1492,https://eutils.ncbi.nlm.nih.gov/entrez/eutils/esearch.fcgi?db=pubmed&term=%28%28%22cerebellar+cortex%22%5Btiab%5D%29%29+AND+%28%222015%22%5BPDAT%5D+%3A+%222025%22%5BPDAT%5D%29&retmode=json&rettype=count&tool=brain_region_prevalence&email=koerding%40gmail.com,https://eutils.ncbi.nlm.nih.gov/entrez/eutils/esearch.fcgi?db=pubmed&term=%28%28%22cerebellar+cortex%22%5Btiab%5D%29%29+AND+%28%222015%22%5BPDAT%5D+%3A+%222025%22%5BPDAT%5D%29&retmode=json&rettype=count&tool=brain_region_prevalence&email=koerding%40gmail.com,2026-04-28,3.1741,0.4811,3.1741,0.4923
cerebellar vermis,cerebellum,cerebellum,0,"((""cerebellar vermis""[tiab])) AND (""2015""[PDAT] : ""2025""[PDAT])","((""cerebellar vermis""[tiab])) AND (""2015""[PDAT] : ""2025""[PDAT])",922,922,https://eutils.ncbi.nlm.nih.gov/entrez/eutils/esearch.fcgi?db=pubmed&term=%28%28%22cerebellar+vermis%22%5Btiab%5D%29%29+AND+%28%222015%22%5BPDAT%5D+%3A+%222025%22%5BPDAT%5D%29&retmode=json&rettype=count&tool=brain_region_prevalence&email=koerding%40gmail.com,https://eutils.ncbi.nlm.nih.gov/entrez/eutils/esearch.fcgi?db=pubmed&term=%28%28%22cerebellar+vermis%22%5Btiab%5D%29%29+AND+%28%222015%22%5BPDAT%5D+%3A+%222025%22%5BPDAT%5D%29&retmode=json&rettype=count&tool=brain_region_prevalence&email=koerding%40gmail.com,2026-04-28,2.9652,0.4155,2.9652,0.4251
cerebellar nuclei,cerebellum,cerebellum,3,"((""cerebellar nuclei""[tiab] OR ""deep cerebellar nuclei""[tiab])) AND (""2015""[PDAT] : ""2025""[PDAT])","(((""cerebellar nuclei""[tiab] OR ""deep cerebellar nuclei""[tiab])) NOT ((""interposed nucleus""[tiab] OR ""nucleus interpositus""[tiab]) OR (""fastigial nucleus""[tiab]) OR (""cerebellar dentate nucleus""[tiab] OR ""dentate nucleus of the cerebellum""[tiab]))) AND (""2015""[PDAT] : ""2025""[PDAT])",623,579,https://eutils.ncbi.nlm.nih.gov/entrez/eutils/esearch.fcgi?db=pubmed&term=%28%28%22cerebellar+nuclei%22%5Btiab%5D+OR+%22deep+cerebellar+nuclei%22%5Btiab%5D%29%29+AND+%28%222015%22%5BPDAT%5D+%3A+%222025%22%5BPDAT%5D%29&retmode=json&rettype=count&tool=brain_region_prevalence&email=koerding%40gmail.com,https://eutils.ncbi.nlm.nih.gov/entrez/eutils/esearch.fcgi?db=pubmed&term=%28%28%28%22cerebellar+nuclei%22%5Btiab%5D+OR+%22deep+cerebellar+nuclei%22%5Btiab%5D%29%29+NOT+%28%28%22interposed+nucleus%22%5Btiab%5D+OR+%22nucleus+interpositus%22%5Btiab%5D%29+OR+%28%22fastigial+nucleus%22%5Btiab%5D%29+OR+%28%22cerebellar+dentate+nucleus%22%5Btiab%5D+OR+%22dentate+nucleus+of+the+cerebellum%22%5Btiab%5D%29%29%29+AND+%28%222015%22%5BPDAT%5D+%3A+%222025%22%5BPDAT%5D%29&retmode=json&rettype=count&tool=brain_region_prevalence&email=koerding%40gmail.com,2026-04-28,2.7952,0.362,2.7634,0.3602
dentate nucleus (cerebellar),cerebellum,cerebellar nuclei,0,"((""cerebellar dentate nucleus""[tiab] OR ""dentate nucleus of the cerebellum""[tiab])) AND (""2015""[PDAT] : ""2025""[PDAT])","((""cerebellar dentate nucleus""[tiab] OR ""dentate nucleus of the cerebellum""[tiab])) AND (""2015""[PDAT] : ""2025""[PDAT])",147,147,https://eutils.ncbi.nlm.nih.gov/entrez/eutils/esearch.fcgi?db=pubmed&term=%28%28%22cerebellar+dentate+nucleus%22%5Btiab%5D+OR+%22dentate+nucleus+of+the+cerebellum%22%5Btiab%5D%29%29+AND+%28%222015%22%5BPDAT%5D+%3A+%222025%22%5BPDAT%5D%29&retmode=json&rettype=count&tool=brain_region_prevalence&email=koerding%40gmail.com,https://eutils.ncbi.nlm.nih.gov/entrez/eutils/esearch.fcgi?db=pubmed&term=%28%28%22cerebellar+dentate+nucleus%22%5Btiab%5D+OR+%22dentate+nucleus+of+the+cerebellum%22%5Btiab%5D%29%29+AND+%28%222015%22%5BPDAT%5D+%3A+%222025%22%5BPDAT%5D%29&retmode=json&rettype=count&tool=brain_region_prevalence&email=koerding%40gmail.com,2026-04-28,2.1703,0.1656,2.1703,0.1694
fastigial nucleus,cerebellum,cerebellar nuclei,0,"((""fastigial nucleus""[tiab])) AND (""2015""[PDAT] : ""2025""[PDAT])","((""fastigial nucleus""[tiab])) AND (""2015""[PDAT] : ""2025""[PDAT])",111,111,https://eutils.ncbi.nlm.nih.gov/entrez/eutils/esearch.fcgi?db=pubmed&term=%28%28%22fastigial+nucleus%22%5Btiab%5D%29%29+AND+%28%222015%22%5BPDAT%5D+%3A+%222025%22%5BPDAT%5D%29&retmode=json&rettype=count&tool=brain_region_prevalence&email=koerding%40gmail.com,https://eutils.ncbi.nlm.nih.gov/entrez/eutils/esearch.fcgi?db=pubmed&term=%28%28%22fastigial+nucleus%22%5Btiab%5D%29%29+AND+%28%222015%22%5BPDAT%5D+%3A+%222025%22%5BPDAT%5D%29&retmode=json&rettype=count&tool=brain_region_prevalence&email=koerding%40gmail.com,2026-04-28,2.0492,0.1275,2.0492,0.1305
interposed nucleus,cerebellum,cerebellar nuclei,0,"((""interposed nucleus""[tiab] OR ""nucleus interpositus""[tiab])) AND (""2015""[PDAT] : ""2025""[PDAT])","((""interposed nucleus""[tiab] OR ""nucleus interpositus""[tiab])) AND (""2015""[PDAT] : ""2025""[PDAT])",43,43,https://eutils.ncbi.nlm.nih.gov/entrez/eutils/esearch.fcgi?db=pubmed&term=%28%28%22interposed+nucleus%22%5Btiab%5D+OR+%22nucleus+interpositus%22%5Btiab%5D%29%29+AND+%28%222015%22%5BPDAT%5D+%3A+%222025%22%5BPDAT%5D%29&retmode=json&rettype=count&tool=brain_region_prevalence&email=koerding%40gmail.com,https://eutils.ncbi.nlm.nih.gov/entrez/eutils/esearch.fcgi?db=pubmed&term=%28%28%22interposed+nucleus%22%5Btiab%5D+OR+%22nucleus+interpositus%22%5Btiab%5D%29%29+AND+%28%222015%22%5BPDAT%5D+%3A+%222025%22%5BPDAT%5D%29&retmode=json&rettype=count&tool=brain_region_prevalence&email=koerding%40gmail.com,2026-04-28,1.6435,0.0,1.6435,0.0
flocculus,cerebellum,cerebellum,0,"((""flocculus""[tiab])) AND (""2015""[PDAT] : ""2025""[PDAT])","((""flocculus""[tiab])) AND (""2015""[PDAT] : ""2025""[PDAT])",157,157,https://eutils.ncbi.nlm.nih.gov/entrez/eutils/esearch.fcgi?db=pubmed&term=%28%28%22flocculus%22%5Btiab%5D%29%29+AND+%28%222015%22%5BPDAT%5D+%3A+%222025%22%5BPDAT%5D%29&retmode=json&rettype=count&tool=brain_region_prevalence&email=koerding%40gmail.com,https://eutils.ncbi.nlm.nih.gov/entrez/eutils/esearch.fcgi?db=pubmed&term=%28%28%22flocculus%22%5Btiab%5D%29%29+AND+%28%222015%22%5BPDAT%5D+%3A+%222025%22%5BPDAT%5D%29&retmode=json&rettype=count&tool=brain_region_prevalence&email=koerding%40gmail.com,2026-04-28,2.1987,0.1745,2.1987,0.1786
olfactory bulb,olfactory,,0,"((""olfactory bulb""[tiab])) AND (""2015""[PDAT] : ""2025""[PDAT])","((""olfactory bulb""[tiab])) AND (""2015""[PDAT] : ""2025""[PDAT])",3972,3972,https://eutils.ncbi.nlm.nih.gov/entrez/eutils/esearch.fcgi?db=pubmed&term=%28%28%22olfactory+bulb%22%5Btiab%5D%29%29+AND+%28%222015%22%5BPDAT%5D+%3A+%222025%22%5BPDAT%5D%29&retmode=json&rettype=count&tool=brain_region_prevalence&email=koerding%40gmail.com,https://eutils.ncbi.nlm.nih.gov/entrez/eutils/esearch.fcgi?db=pubmed&term=%28%28%22olfactory+bulb%22%5Btiab%5D%29%29+AND+%28%222015%22%5BPDAT%5D+%3A+%222025%22%5BPDAT%5D%29&retmode=json&rettype=count&tool=brain_region_prevalence&email=koerding%40gmail.com,2026-04-28,3.5991,0.6147,3.5991,0.629
olfactory tubercle,olfactory,,0,"((""olfactory tubercle""[tiab])) AND (""2015""[PDAT] : ""2025""[PDAT])","((""olfactory tubercle""[tiab])) AND (""2015""[PDAT] : ""2025""[PDAT])",150,150,https://eutils.ncbi.nlm.nih.gov/entrez/eutils/esearch.fcgi?db=pubmed&term=%28%28%22olfactory+tubercle%22%5Btiab%5D%29%29+AND+%28%222015%22%5BPDAT%5D+%3A+%222025%22%5BPDAT%5D%29&retmode=json&rettype=count&tool=brain_region_prevalence&email=koerding%40gmail.com,https://eutils.ncbi.nlm.nih.gov/entrez/eutils/esearch.fcgi?db=pubmed&term=%28%28%22olfactory+tubercle%22%5Btiab%5D%29%29+AND+%28%222015%22%5BPDAT%5D+%3A+%222025%22%5BPDAT%5D%29&retmode=json&rettype=count&tool=brain_region_prevalence&email=koerding%40gmail.com,2026-04-28,2.179,0.1683,2.179,0.1722
